process_execution_id,order_id,start_time,end_time,part_id,process_type,process_id,resource_id,is_valid,duration
0,298,2024-01-05 08:31:00,2024-01-05 08:31:15,0,0,0,0,1,15.0
1,298,2024-01-05 08:31:15,2024-01-05 08:31:55,1,0,1,1,1,40.0
2,298,2024-01-05 08:31:55,2024-01-05 08:32:51,1,0,2,1,1,56.0
3,298,2024-01-05 08:32:51,2024-01-05 08:33:05,1,0,3,1,1,14.0
4,298,2024-01-05 08:33:05,2024-01-05 08:33:48,1,0,4,1,1,43.0
5,298,2024-01-05 08:33:48,2024-01-05 08:34:45,1,0,5,1,1,57.0
6,298,2024-01-05 08:34:45,2024-01-05 08:35:23,1,0,6,1,1,38.0
7,298,2024-01-05 08:35:23,2024-01-05 08:35:25,3,1,7,2,1,2.0
8,298,2024-01-05 08:35:25,2024-01-05 08:35:57,4,0,8,3,1,32.0
9,298,2024-01-05 08:35:57,2024-01-05 08:36:58,3,0,9,3,1,61.0
10,298,2024-01-05 08:36:58,2024-01-05 08:37:18,4,0,10,3,1,20.0
11,298,2024-01-05 08:37:18,2024-01-05 08:38:01,4,0,11,3,1,43.0
12,298,2024-01-05 08:38:01,2024-01-05 08:38:46,3,1,12,4,1,45.0
13,298,2024-01-05 08:38:46,2024-01-05 08:38:55,5,1,13,4,1,9.0
14,298,2024-01-05 08:38:55,2024-01-05 08:39:25,6,0,14,5,1,30.0
15,298,2024-01-05 08:39:25,2024-01-05 08:40:46,6,0,15,5,1,81.0
16,298,2024-01-05 08:40:46,2024-01-05 08:41:03,6,0,16,5,1,17.0
17,298,2024-01-05 08:41:03,2024-01-05 08:41:28,2,1,17,6,1,25.0
18,298,2024-01-05 08:41:28,2024-01-05 08:42:02,8,1,18,6,1,34.0
19,298,2024-01-05 08:42:02,2024-01-05 08:43:04,3,1,19,6,1,62.0
20,298,2024-01-05 08:43:04,2024-01-05 08:43:09,5,1,20,6,1,5.0
21,298,2024-01-05 08:43:09,2024-01-05 08:43:17,-1,-1,21,7,1,8.0
22,298,2024-01-05 08:43:17,2024-01-05 08:43:27,-1,2,22,8,1,10.0
23,298,2024-01-05 08:43:27,2024-01-05 08:43:46,0,0,23,0,1,19.0
24,300,2024-01-06 08:31:00,2024-01-06 08:31:15,0,0,0,0,1,15.0
25,300,2024-01-06 08:31:15,2024-01-06 08:31:55,1,0,1,1,1,40.0
26,300,2024-01-06 08:31:55,2024-01-06 08:32:51,1,0,2,1,1,56.0
27,300,2024-01-06 08:32:51,2024-01-06 08:33:05,1,0,3,1,1,14.0
28,300,2024-01-06 08:33:05,2024-01-06 08:33:48,1,0,4,1,1,43.0
29,300,2024-01-06 08:33:48,2024-01-06 08:34:45,1,0,5,1,1,57.0
30,300,2024-01-06 08:34:45,2024-01-06 08:35:23,1,0,6,1,1,38.0
31,300,2024-01-06 08:35:23,2024-01-06 08:35:25,3,1,7,2,1,2.0
32,300,2024-01-06 08:35:25,2024-01-06 08:35:57,4,0,8,3,1,32.0
33,300,2024-01-06 08:35:57,2024-01-06 08:36:58,3,0,9,3,1,61.0
34,300,2024-01-06 08:36:58,2024-01-06 08:37:18,4,0,10,3,1,20.0
35,300,2024-01-06 08:37:18,2024-01-06 08:38:01,4,0,11,3,1,43.0
36,300,2024-01-06 08:38:01,2024-01-06 08:38:46,3,1,12,4,1,45.0
37,300,2024-01-06 08:38:46,2024-01-06 08:38:55,5,1,13,4,1,9.0
38,300,2024-01-06 08:38:55,2024-01-06 08:39:25,6,0,14,5,1,30.0
39,300,2024-01-06 08:39:25,2024-01-06 08:40:46,6,0,15,5,1,81.0
40,300,2024-01-06 08:40:46,2024-01-06 08:41:03,6,0,16,5,1,17.0
41,300,2024-01-06 08:41:03,2024-01-06 08:41:28,2,1,17,6,1,25.0
42,300,2024-01-06 08:41:28,2024-01-06 08:42:02,8,1,18,6,1,34.0
43,300,2024-01-06 08:42:02,2024-01-06 08:43:04,3,1,19,6,1,62.0
44,300,2024-01-06 08:43:04,2024-01-06 08:43:09,5,1,20,6,1,5.0
45,300,2024-01-06 08:43:09,2024-01-06 08:43:17,-1,-1,21,7,1,8.0
46,300,2024-01-06 08:43:17,2024-01-06 08:43:27,-1,2,22,8,1,10.0
47,300,2024-01-06 08:43:27,2024-01-06 08:43:46,0,0,23,0,1,19.0
48,305,2024-01-10 09:14:00,2024-01-10 09:14:15,0,0,0,0,1,15.0
49,305,2024-01-10 09:14:15,2024-01-10 09:14:55,1,0,1,1,1,40.0
50,305,2024-01-10 09:14:55,2024-01-10 09:15:35,1,0,1,1,1,40.0
51,305,2024-01-10 09:15:35,2024-01-10 09:16:31,1,0,2,1,1,56.0
52,305,2024-01-10 09:16:31,2024-01-10 09:16:50,0,0,23,0,1,19.0
53,305,2024-01-10 09:16:50,2024-01-10 09:17:04,1,0,3,1,1,14.0
54,305,2024-01-10 09:17:04,2024-01-10 09:17:47,1,0,4,1,1,43.0
55,305,2024-01-10 09:17:47,2024-01-10 09:18:44,1,0,5,1,1,57.0
56,305,2024-01-10 09:18:44,2024-01-10 09:19:22,1,0,6,1,1,38.0
57,305,2024-01-10 09:19:22,2024-01-10 09:20:00,1,0,6,1,1,38.0
58,305,2024-01-10 09:20:00,2024-01-10 09:20:02,3,1,7,2,1,2.0
59,305,2024-01-10 09:20:02,2024-01-10 09:20:34,4,0,8,3,1,32.0
60,305,2024-01-10 09:20:34,2024-01-10 09:21:06,4,0,8,3,1,32.0
61,305,2024-01-10 09:21:06,2024-01-10 09:22:07,3,0,9,3,1,61.0
62,305,2024-01-10 09:22:07,2024-01-10 09:22:27,4,0,10,3,1,20.0
63,305,2024-01-10 09:22:27,2024-01-10 09:23:10,4,0,11,3,1,43.0
64,305,2024-01-10 09:23:10,2024-01-10 09:23:53,4,0,11,3,1,43.0
65,305,2024-01-10 09:23:53,2024-01-10 09:24:38,3,1,12,4,1,45.0
66,305,2024-01-10 09:24:38,2024-01-10 09:24:47,5,1,13,4,1,9.0
67,305,2024-01-10 09:24:47,2024-01-10 09:25:17,6,0,14,5,1,30.0
68,305,2024-01-10 09:25:17,2024-01-10 09:26:38,6,0,15,5,1,81.0
69,305,2024-01-10 09:26:38,2024-01-10 09:26:55,6,0,16,5,1,17.0
70,305,2024-01-10 09:26:55,2024-01-10 09:27:12,6,0,16,5,1,17.0
71,305,2024-01-10 09:27:12,2024-01-10 09:27:37,2,1,17,6,1,25.0
72,305,2024-01-10 09:27:37,2024-01-10 09:28:11,8,1,18,6,1,34.0
73,305,2024-01-10 09:28:11,2024-01-10 09:29:13,3,1,19,6,1,62.0
74,305,2024-01-10 09:29:13,2024-01-10 09:29:18,5,1,20,6,1,5.0
75,305,2024-01-10 09:29:18,2024-01-10 09:29:26,-1,-1,21,7,1,8.0
76,299,2024-01-11 08:50:00,2024-01-11 08:50:15,0,0,0,0,1,15.0
77,299,2024-01-11 08:50:15,2024-01-11 08:50:55,1,0,1,1,1,40.0
78,299,2024-01-11 08:50:55,2024-01-11 08:51:51,1,0,2,1,1,56.0
79,299,2024-01-11 08:51:51,2024-01-11 08:52:05,1,0,3,1,1,14.0
80,299,2024-01-11 08:52:05,2024-01-11 08:52:48,1,0,4,1,1,43.0
81,299,2024-01-11 08:52:48,2024-01-11 08:53:45,1,0,5,1,1,57.0
82,299,2024-01-11 08:53:45,2024-01-11 08:54:23,1,0,6,1,1,38.0
83,299,2024-01-11 08:54:23,2024-01-11 08:54:25,3,1,7,2,1,2.0
84,299,2024-01-11 08:54:25,2024-01-11 08:54:57,4,0,8,3,1,32.0
85,299,2024-01-11 08:54:57,2024-01-11 08:55:58,3,0,9,3,1,61.0
86,299,2024-01-11 08:55:58,2024-01-11 08:56:18,4,0,10,3,1,20.0
87,299,2024-01-11 08:56:18,2024-01-11 08:57:01,4,0,11,3,1,43.0
88,299,2024-01-11 08:57:01,2024-01-11 08:57:46,3,1,12,4,1,45.0
89,299,2024-01-11 08:57:46,2024-01-11 08:57:55,5,1,13,4,1,9.0
90,299,2024-01-11 08:57:55,2024-01-11 08:58:25,6,0,14,5,1,30.0
91,299,2024-01-11 08:58:25,2024-01-11 08:59:46,6,0,15,5,1,81.0
92,299,2024-01-11 08:59:46,2024-01-11 09:00:03,6,0,16,5,1,17.0
93,299,2024-01-11 09:00:03,2024-01-11 09:00:28,2,1,17,6,1,25.0
94,299,2024-01-11 09:00:28,2024-01-11 09:01:02,8,1,18,6,1,34.0
95,299,2024-01-11 09:01:02,2024-01-11 09:02:04,3,1,19,6,1,62.0
96,299,2024-01-11 09:02:04,2024-01-11 09:02:09,5,1,20,6,1,5.0
97,299,2024-01-11 09:02:09,2024-01-11 09:02:17,-1,-1,21,7,1,8.0
98,299,2024-01-11 09:02:17,2024-01-11 09:02:27,-1,2,22,8,1,10.0
99,299,2024-01-11 09:02:27,2024-01-11 09:02:46,0,0,23,0,1,19.0
100,306,2024-01-12 09:41:00,2024-01-12 09:41:15,0,0,0,0,1,15.0
101,306,2024-01-12 09:41:15,2024-01-12 09:41:55,1,0,1,1,1,40.0
102,306,2024-01-12 09:41:55,2024-01-12 09:42:51,1,0,2,1,1,56.0
103,306,2024-01-12 09:42:51,2024-01-12 09:43:05,1,0,3,1,1,14.0
104,306,2024-01-12 09:43:05,2024-01-12 09:43:48,1,0,4,1,1,43.0
105,306,2024-01-12 09:43:48,2024-01-12 09:44:45,1,0,5,1,1,57.0
106,306,2024-01-12 09:44:45,2024-01-12 09:45:23,1,0,6,1,1,38.0
107,306,2024-01-12 09:45:23,2024-01-12 09:45:25,3,1,7,2,1,2.0
108,306,2024-01-12 09:45:25,2024-01-12 09:45:57,4,0,8,3,1,32.0
109,306,2024-01-12 09:45:57,2024-01-12 09:46:58,3,0,9,3,1,61.0
110,306,2024-01-12 09:46:58,2024-01-12 09:47:18,4,0,10,3,1,20.0
111,306,2024-01-12 09:47:18,2024-01-12 09:48:01,4,0,11,3,1,43.0
112,306,2024-01-12 09:48:01,2024-01-12 09:48:46,3,1,12,4,1,45.0
113,306,2024-01-12 09:48:46,2024-01-12 09:48:55,5,1,13,4,1,9.0
114,306,2024-01-12 09:48:55,2024-01-12 09:49:25,6,0,14,5,1,30.0
115,306,2024-01-12 09:49:25,2024-01-12 09:50:46,6,0,15,5,1,81.0
116,306,2024-01-12 09:50:46,2024-01-12 09:51:03,6,0,16,5,1,17.0
117,306,2024-01-12 09:51:03,2024-01-12 09:51:28,2,1,17,6,1,25.0
118,306,2024-01-12 09:51:28,2024-01-12 09:52:02,8,1,18,6,1,34.0
119,306,2024-01-12 09:52:02,2024-01-12 09:53:04,3,1,19,6,1,62.0
120,306,2024-01-12 09:53:04,2024-01-12 09:53:09,5,1,20,6,1,5.0
121,306,2024-01-12 09:53:09,2024-01-12 09:53:17,-1,-1,21,7,1,8.0
122,306,2024-01-12 09:53:17,2024-01-12 09:53:27,-1,2,22,8,1,10.0
123,306,2024-01-12 09:53:27,2024-01-12 09:53:46,0,0,23,0,1,19.0
124,317,2024-01-12 11:02:00,2024-01-12 11:02:15,0,0,0,0,1,15.0
125,317,2024-01-12 11:02:15,2024-01-12 11:02:55,1,0,1,1,1,40.0
126,317,2024-01-12 11:02:55,2024-01-12 11:03:51,1,0,2,1,1,56.0
127,317,2024-01-12 11:03:51,2024-01-12 11:04:05,1,0,3,1,1,14.0
128,317,2024-01-12 11:04:05,2024-01-12 11:04:48,1,0,4,1,1,43.0
129,317,2024-01-12 11:04:48,2024-01-12 11:05:45,1,0,5,1,1,57.0
130,317,2024-01-12 11:05:45,2024-01-12 11:06:23,1,0,6,1,1,38.0
131,317,2024-01-12 11:06:23,2024-01-12 11:06:25,3,1,7,2,1,2.0
132,317,2024-01-12 11:06:25,2024-01-12 11:06:57,4,0,8,3,1,32.0
133,317,2024-01-12 11:06:57,2024-01-12 11:07:58,3,0,9,3,1,61.0
134,317,2024-01-12 11:07:58,2024-01-12 11:08:18,4,0,10,3,1,20.0
135,317,2024-01-12 11:08:18,2024-01-12 11:09:01,4,0,11,3,1,43.0
136,317,2024-01-12 11:09:01,2024-01-12 11:09:46,3,1,12,4,1,45.0
137,317,2024-01-12 11:09:46,2024-01-12 11:09:55,5,1,13,4,1,9.0
138,317,2024-01-12 11:09:55,2024-01-12 11:10:25,6,0,14,5,1,30.0
139,317,2024-01-12 11:10:25,2024-01-12 11:11:46,6,0,15,5,1,81.0
140,317,2024-01-12 11:11:46,2024-01-12 11:12:03,6,0,16,5,1,17.0
141,317,2024-01-12 11:12:03,2024-01-12 11:12:28,2,1,17,6,1,25.0
142,317,2024-01-12 11:12:28,2024-01-12 11:13:02,8,1,18,6,1,34.0
143,317,2024-01-12 11:13:02,2024-01-12 11:14:04,3,1,19,6,1,62.0
144,317,2024-01-12 11:14:04,2024-01-12 11:14:09,5,1,20,6,1,5.0
145,317,2024-01-12 11:14:09,2024-01-12 11:14:17,-1,-1,21,7,1,8.0
146,297,2024-01-12 17:21:00,2024-01-12 17:21:15,0,0,0,0,1,15.0
147,297,2024-01-12 17:21:15,2024-01-12 17:21:55,1,0,1,1,1,40.0
148,297,2024-01-12 17:21:55,2024-01-12 17:22:51,1,0,2,1,1,56.0
149,297,2024-01-12 17:22:51,2024-01-12 17:23:05,1,0,3,1,1,14.0
150,297,2024-01-12 17:23:05,2024-01-12 17:23:48,1,0,4,1,1,43.0
151,297,2024-01-12 17:23:48,2024-01-12 17:24:45,1,0,5,1,1,57.0
152,297,2024-01-12 17:24:45,2024-01-12 17:25:23,1,0,6,1,1,38.0
153,297,2024-01-12 17:25:23,2024-01-12 17:25:25,3,1,7,2,1,2.0
154,297,2024-01-12 17:25:25,2024-01-12 17:25:57,4,0,8,3,1,32.0
155,297,2024-01-12 17:25:57,2024-01-12 17:26:58,3,0,9,3,1,61.0
156,297,2024-01-12 17:26:58,2024-01-12 17:27:18,4,0,10,3,1,20.0
157,297,2024-01-12 17:27:18,2024-01-12 17:28:01,4,0,11,3,1,43.0
158,297,2024-01-12 17:28:01,2024-01-12 17:28:46,3,1,12,4,1,45.0
159,297,2024-01-12 17:28:46,2024-01-12 17:28:55,5,1,13,4,1,9.0
160,297,2024-01-12 17:28:55,2024-01-12 17:29:25,6,0,14,5,1,30.0
161,297,2024-01-12 17:29:25,2024-01-12 17:30:46,6,0,15,5,1,81.0
162,297,2024-01-12 17:30:46,2024-01-12 17:31:03,6,0,16,5,1,17.0
163,297,2024-01-12 17:31:03,2024-01-12 17:31:28,2,1,17,6,1,25.0
164,297,2024-01-12 17:31:28,2024-01-12 17:32:02,8,1,18,6,1,34.0
165,297,2024-01-12 17:32:02,2024-01-12 17:33:04,3,1,19,6,1,62.0
166,297,2024-01-12 17:33:04,2024-01-12 17:33:09,5,1,20,6,1,5.0
167,297,2024-01-12 17:33:09,2024-01-12 17:33:17,-1,-1,21,7,1,8.0
168,297,2024-01-12 17:33:17,2024-01-12 17:33:27,-1,2,22,8,1,10.0
169,297,2024-01-12 17:33:27,2024-01-12 17:33:46,0,0,23,0,1,19.0
170,319,2024-01-13 13:08:00,2024-01-13 13:08:15,0,0,0,0,1,15.0
171,319,2024-01-13 13:08:15,2024-01-13 13:08:55,1,0,1,1,1,40.0
172,319,2024-01-13 13:08:55,2024-01-13 13:09:12,6,0,16,5,1,17.0
173,319,2024-01-13 13:09:12,2024-01-13 13:09:55,4,0,11,3,1,43.0
174,319,2024-01-13 13:09:55,2024-01-13 13:10:27,4,0,8,3,1,32.0
175,319,2024-01-13 13:10:27,2024-01-13 13:11:05,1,0,6,1,1,38.0
176,319,2024-01-13 13:11:05,2024-01-13 13:11:24,0,0,23,0,1,19.0
177,313,2024-01-13 17:42:00,2024-01-13 17:42:15,0,0,0,0,1,15.0
178,313,2024-01-13 17:42:15,2024-01-13 17:42:55,1,0,1,1,1,40.0
179,313,2024-01-13 17:42:55,2024-01-13 17:43:51,1,0,2,1,1,56.0
180,313,2024-01-13 17:43:51,2024-01-13 17:44:05,1,0,3,1,1,14.0
181,313,2024-01-13 17:44:05,2024-01-13 17:44:48,1,0,4,1,1,43.0
182,313,2024-01-13 17:44:48,2024-01-13 17:45:45,1,0,5,1,1,57.0
183,313,2024-01-13 17:45:45,2024-01-13 17:46:23,1,0,6,1,1,38.0
184,313,2024-01-13 17:46:23,2024-01-13 17:46:25,3,1,7,2,1,2.0
185,313,2024-01-13 17:46:25,2024-01-13 17:46:57,4,0,8,3,1,32.0
186,313,2024-01-13 17:46:57,2024-01-13 17:47:58,3,0,9,3,1,61.0
187,313,2024-01-13 17:47:58,2024-01-13 17:48:18,4,0,10,3,1,20.0
188,313,2024-01-13 17:48:18,2024-01-13 17:49:01,4,0,11,3,1,43.0
189,313,2024-01-13 17:49:01,2024-01-13 17:49:46,3,1,12,4,1,45.0
190,313,2024-01-13 17:49:46,2024-01-13 17:49:55,5,1,13,4,1,9.0
191,313,2024-01-13 17:49:55,2024-01-13 17:50:25,6,0,14,5,1,30.0
192,313,2024-01-13 17:50:25,2024-01-13 17:51:46,6,0,15,5,1,81.0
193,313,2024-01-13 17:51:46,2024-01-13 17:52:03,6,0,16,5,1,17.0
194,313,2024-01-13 17:52:03,2024-01-13 17:52:28,2,1,17,6,1,25.0
195,313,2024-01-13 17:52:28,2024-01-13 17:53:02,8,1,18,6,1,34.0
196,313,2024-01-13 17:53:02,2024-01-13 17:54:04,3,1,19,6,1,62.0
197,313,2024-01-13 17:54:04,2024-01-13 17:54:09,5,1,20,6,1,5.0
198,313,2024-01-13 17:54:09,2024-01-13 17:54:17,-1,-1,21,7,1,8.0
199,313,2024-01-13 17:54:17,2024-01-13 17:54:27,-1,2,22,8,1,10.0
200,313,2024-01-13 17:54:27,2024-01-13 17:54:46,0,0,23,0,1,19.0
201,308,2024-01-14 09:42:00,2024-01-14 09:42:15,0,0,0,0,1,15.0
202,308,2024-01-14 09:42:15,2024-01-14 09:42:45,6,0,14,5,1,30.0
203,308,2024-01-14 09:42:45,2024-01-14 09:42:53,-1,-1,21,7,1,8.0
204,308,2024-01-14 09:42:53,2024-01-14 09:43:03,-1,2,22,8,1,10.0
205,308,2024-01-14 09:43:03,2024-01-14 09:43:22,0,0,23,0,1,19.0
206,308,2024-01-14 09:43:22,2024-01-14 09:44:05,4,0,11,3,1,43.0
207,308,2024-01-14 09:44:05,2024-01-14 09:44:45,1,0,1,1,1,40.0
208,308,2024-01-14 09:44:45,2024-01-14 09:45:41,1,0,2,1,1,56.0
209,308,2024-01-14 09:45:41,2024-01-14 09:45:55,1,0,3,1,1,14.0
210,308,2024-01-14 09:45:55,2024-01-14 09:47:16,6,0,15,5,1,81.0
211,308,2024-01-14 09:47:16,2024-01-14 09:47:59,1,0,4,1,1,43.0
212,308,2024-01-14 09:47:59,2024-01-14 09:48:56,1,0,5,1,1,57.0
213,308,2024-01-14 09:48:56,2024-01-14 09:49:34,1,0,6,1,1,38.0
214,308,2024-01-14 09:49:34,2024-01-14 09:49:51,6,0,16,5,1,17.0
215,308,2024-01-14 09:49:51,2024-01-14 09:50:16,2,1,17,6,1,25.0
216,308,2024-01-14 09:50:16,2024-01-14 09:50:50,8,1,18,6,1,34.0
217,308,2024-01-14 09:50:50,2024-01-14 09:50:52,3,1,7,2,1,2.0
218,308,2024-01-14 09:50:52,2024-01-14 09:51:24,4,0,8,3,1,32.0
219,315,2024-01-14 10:14:00,2024-01-14 10:14:15,0,0,0,0,1,15.0
220,315,2024-01-14 10:14:15,2024-01-14 10:14:53,1,0,6,1,1,38.0
221,315,2024-01-14 10:14:53,2024-01-14 10:15:25,4,0,8,3,1,32.0
222,315,2024-01-14 10:15:25,2024-01-14 10:15:30,5,1,20,6,1,5.0
223,316,2024-01-14 10:15:25,2024-01-14 10:15:40,0,0,0,0,1,15.0
224,315,2024-01-14 10:15:30,2024-01-14 10:15:39,5,1,13,4,1,9.0
225,315,2024-01-14 10:15:39,2024-01-14 10:16:09,6,0,14,5,1,30.0
226,316,2024-01-14 10:15:40,2024-01-14 10:16:20,1,0,1,1,1,40.0
227,316,2024-01-14 10:16:20,2024-01-14 10:17:00,1,0,1,1,1,40.0
228,316,2024-01-14 10:17:00,2024-01-14 10:17:19,0,0,23,0,1,19.0
229,315,2024-01-14 10:17:01,2024-01-14 10:17:41,1,0,1,1,1,40.0
230,315,2024-01-14 10:17:41,2024-01-14 10:19:02,6,0,15,5,1,81.0
231,316,2024-01-14 10:17:41,2024-01-14 10:18:37,1,0,2,1,1,56.0
232,316,2024-01-14 10:18:37,2024-01-14 10:18:51,1,0,3,1,1,14.0
233,316,2024-01-14 10:18:51,2024-01-14 10:19:34,1,0,4,1,1,43.0
234,315,2024-01-14 10:19:02,2024-01-14 10:19:34,4,0,8,3,1,32.0
235,315,2024-01-14 10:19:34,2024-01-14 10:20:12,1,0,6,1,1,38.0
236,315,2024-01-14 10:20:12,2024-01-14 10:20:32,4,0,10,3,1,20.0
237,316,2024-01-14 10:20:12,2024-01-14 10:21:09,1,0,5,1,1,57.0
238,315,2024-01-14 10:20:32,2024-01-14 10:21:15,4,0,11,3,1,43.0
239,316,2024-01-14 10:21:09,2024-01-14 10:21:47,1,0,6,1,1,38.0
240,315,2024-01-14 10:21:15,2024-01-14 10:21:23,-1,-1,21,7,1,8.0
241,315,2024-01-14 10:21:23,2024-01-14 10:21:42,0,0,23,0,1,19.0
242,315,2024-01-14 10:21:42,2024-01-14 10:21:59,6,0,16,5,1,17.0
243,316,2024-01-14 10:21:47,2024-01-14 10:22:25,1,0,6,1,1,38.0
244,316,2024-01-14 10:22:25,2024-01-14 10:22:27,3,1,7,2,1,2.0
245,316,2024-01-14 10:22:27,2024-01-14 10:22:59,4,0,8,3,1,32.0
246,315,2024-01-14 10:22:59,2024-01-14 10:23:42,4,0,11,3,1,43.0
247,316,2024-01-14 10:23:42,2024-01-14 10:24:14,4,0,8,3,1,32.0
248,315,2024-01-14 10:23:42,2024-01-14 10:23:59,6,0,16,5,1,17.0
249,315,2024-01-14 10:23:59,2024-01-14 10:24:24,2,1,17,6,1,25.0
250,316,2024-01-14 10:24:14,2024-01-14 10:25:15,3,0,9,3,1,61.0
251,315,2024-01-14 10:24:24,2024-01-14 10:25:04,1,0,1,1,1,40.0
252,315,2024-01-14 10:25:04,2024-01-14 10:26:00,1,0,2,1,1,56.0
253,316,2024-01-14 10:25:15,2024-01-14 10:25:35,4,0,10,3,1,20.0
254,316,2024-01-14 10:25:35,2024-01-14 10:26:18,4,0,11,3,1,43.0
255,315,2024-01-14 10:26:00,2024-01-14 10:26:14,1,0,3,1,1,14.0
256,315,2024-01-14 10:26:14,2024-01-14 10:26:57,1,0,4,1,1,43.0
257,316,2024-01-14 10:26:18,2024-01-14 10:27:01,4,0,11,3,1,43.0
258,316,2024-01-14 10:27:01,2024-01-14 10:27:46,3,1,12,4,1,45.0
259,316,2024-01-14 10:27:46,2024-01-14 10:27:55,5,1,13,4,1,9.0
260,316,2024-01-14 10:27:55,2024-01-14 10:28:25,6,0,14,5,1,30.0
261,316,2024-01-14 10:28:25,2024-01-14 10:29:46,6,0,15,5,1,81.0
262,316,2024-01-14 10:29:46,2024-01-14 10:30:03,6,0,16,5,1,17.0
263,316,2024-01-14 10:30:03,2024-01-14 10:30:20,6,0,16,5,1,17.0
264,316,2024-01-14 10:30:20,2024-01-14 10:30:45,2,1,17,6,1,25.0
265,316,2024-01-14 10:30:45,2024-01-14 10:31:19,8,1,18,6,1,34.0
266,316,2024-01-14 10:31:19,2024-01-14 10:32:21,3,1,19,6,1,62.0
267,316,2024-01-14 10:32:21,2024-01-14 10:32:26,5,1,20,6,1,5.0
268,316,2024-01-14 10:32:26,2024-01-14 10:32:34,-1,-1,21,7,1,8.0
269,302,2024-01-15 14:16:00,2024-01-15 14:16:15,0,0,0,0,1,15.0
270,302,2024-01-15 14:16:15,2024-01-15 14:16:55,1,0,1,1,1,40.0
271,302,2024-01-15 14:16:55,2024-01-15 14:17:51,1,0,2,1,1,56.0
272,302,2024-01-15 14:17:51,2024-01-15 14:18:05,1,0,3,1,1,14.0
273,302,2024-01-15 14:18:05,2024-01-15 14:18:48,1,0,4,1,1,43.0
274,302,2024-01-15 14:18:48,2024-01-15 14:19:45,1,0,5,1,1,57.0
275,302,2024-01-15 14:19:45,2024-01-15 14:20:23,1,0,6,1,1,38.0
276,302,2024-01-15 14:20:23,2024-01-15 14:20:25,3,1,7,2,1,2.0
277,302,2024-01-15 14:20:25,2024-01-15 14:20:57,4,0,8,3,1,32.0
278,302,2024-01-15 14:20:57,2024-01-15 14:21:58,3,0,9,3,1,61.0
279,302,2024-01-15 14:21:58,2024-01-15 14:22:18,4,0,10,3,1,20.0
280,302,2024-01-15 14:22:18,2024-01-15 14:23:01,4,0,11,3,1,43.0
281,302,2024-01-15 14:23:01,2024-01-15 14:23:46,3,1,12,4,1,45.0
282,302,2024-01-15 14:23:46,2024-01-15 14:23:55,5,1,13,4,1,9.0
283,302,2024-01-15 14:23:55,2024-01-15 14:24:25,6,0,14,5,1,30.0
284,302,2024-01-15 14:24:25,2024-01-15 14:25:46,6,0,15,5,1,81.0
285,302,2024-01-15 14:25:46,2024-01-15 14:26:03,6,0,16,5,1,17.0
286,302,2024-01-15 14:26:03,2024-01-15 14:26:28,2,1,17,6,1,25.0
287,302,2024-01-15 14:26:28,2024-01-15 14:27:02,8,1,18,6,1,34.0
288,302,2024-01-15 14:27:02,2024-01-15 14:28:04,3,1,19,6,1,62.0
289,302,2024-01-15 14:28:04,2024-01-15 14:28:09,5,1,20,6,1,5.0
290,302,2024-01-15 14:28:09,2024-01-15 14:28:17,-1,-1,21,7,1,8.0
291,302,2024-01-15 14:28:17,2024-01-15 14:28:27,-1,2,22,8,1,10.0
292,302,2024-01-15 14:28:27,2024-01-15 14:28:46,0,0,23,0,1,19.0
293,314,2024-01-15 18:05:00,2024-01-15 18:05:15,0,0,0,0,1,15.0
294,314,2024-01-15 18:05:15,2024-01-15 18:05:55,1,0,1,1,1,40.0
295,314,2024-01-15 18:05:55,2024-01-15 18:06:51,1,0,2,1,1,56.0
296,314,2024-01-15 18:06:51,2024-01-15 18:07:05,1,0,3,1,1,14.0
297,314,2024-01-15 18:07:05,2024-01-15 18:07:48,1,0,4,1,1,43.0
298,314,2024-01-15 18:07:48,2024-01-15 18:08:45,1,0,5,1,1,57.0
299,314,2024-01-15 18:08:45,2024-01-15 18:09:23,1,0,6,1,1,38.0
300,314,2024-01-15 18:09:23,2024-01-15 18:09:25,3,1,7,2,1,2.0
301,314,2024-01-15 18:09:25,2024-01-15 18:09:57,4,0,8,3,1,32.0
302,314,2024-01-15 18:09:57,2024-01-15 18:10:58,3,0,9,3,1,61.0
303,314,2024-01-15 18:10:58,2024-01-15 18:11:18,4,0,10,3,1,20.0
304,314,2024-01-15 18:11:18,2024-01-15 18:12:01,4,0,11,3,1,43.0
305,314,2024-01-15 18:12:01,2024-01-15 18:12:46,3,1,12,4,1,45.0
306,314,2024-01-15 18:12:46,2024-01-15 18:12:55,5,1,13,4,1,9.0
307,314,2024-01-15 18:12:55,2024-01-15 18:13:25,6,0,14,5,1,30.0
308,314,2024-01-15 18:13:25,2024-01-15 18:14:46,6,0,15,5,1,81.0
309,314,2024-01-15 18:14:46,2024-01-15 18:15:03,6,0,16,5,1,17.0
310,314,2024-01-15 18:15:03,2024-01-15 18:15:28,2,1,17,6,1,25.0
311,314,2024-01-15 18:15:28,2024-01-15 18:16:02,8,1,18,6,1,34.0
312,314,2024-01-15 18:16:02,2024-01-15 18:17:04,3,1,19,6,1,62.0
313,314,2024-01-15 18:17:04,2024-01-15 18:17:09,5,1,20,6,1,5.0
314,314,2024-01-15 18:17:09,2024-01-15 18:17:17,-1,-1,21,7,1,8.0
315,314,2024-01-15 18:17:17,2024-01-15 18:17:27,-1,2,22,8,1,10.0
316,314,2024-01-15 18:17:27,2024-01-15 18:17:46,0,0,23,0,1,19.0
317,303,2024-01-16 18:12:00,2024-01-16 18:12:15,0,0,0,0,1,15.0
318,303,2024-01-16 18:12:15,2024-01-16 18:12:55,1,0,1,1,1,40.0
319,303,2024-01-16 18:12:55,2024-01-16 18:13:51,1,0,2,1,1,56.0
320,303,2024-01-16 18:13:51,2024-01-16 18:14:05,1,0,3,1,1,14.0
321,303,2024-01-16 18:14:05,2024-01-16 18:14:48,1,0,4,1,1,43.0
322,303,2024-01-16 18:14:48,2024-01-16 18:15:45,1,0,5,1,1,57.0
323,303,2024-01-16 18:15:45,2024-01-16 18:16:23,1,0,6,1,1,38.0
324,303,2024-01-16 18:16:23,2024-01-16 18:16:25,3,1,7,2,1,2.0
325,303,2024-01-16 18:16:25,2024-01-16 18:16:57,4,0,8,3,1,32.0
326,303,2024-01-16 18:16:57,2024-01-16 18:17:58,3,0,9,3,1,61.0
327,303,2024-01-16 18:17:58,2024-01-16 18:18:18,4,0,10,3,1,20.0
328,303,2024-01-16 18:18:18,2024-01-16 18:19:01,4,0,11,3,1,43.0
329,303,2024-01-16 18:19:01,2024-01-16 18:19:46,3,1,12,4,1,45.0
330,303,2024-01-16 18:19:46,2024-01-16 18:19:55,5,1,13,4,1,9.0
331,303,2024-01-16 18:19:55,2024-01-16 18:20:25,6,0,14,5,1,30.0
332,303,2024-01-16 18:20:25,2024-01-16 18:21:46,6,0,15,5,1,81.0
333,303,2024-01-16 18:21:46,2024-01-16 18:22:03,6,0,16,5,1,17.0
334,303,2024-01-16 18:22:03,2024-01-16 18:22:28,2,1,17,6,1,25.0
335,303,2024-01-16 18:22:28,2024-01-16 18:23:02,8,1,18,6,1,34.0
336,303,2024-01-16 18:23:02,2024-01-16 18:24:04,3,1,19,6,1,62.0
337,303,2024-01-16 18:24:04,2024-01-16 18:24:09,5,1,20,6,1,5.0
338,303,2024-01-16 18:24:09,2024-01-16 18:24:17,-1,-1,21,7,1,8.0
339,303,2024-01-16 18:24:17,2024-01-16 18:24:27,-1,2,22,8,1,10.0
340,303,2024-01-16 18:24:27,2024-01-16 18:24:46,0,0,23,0,1,19.0
341,310,2024-01-18 10:04:00,2024-01-18 10:04:15,0,0,0,0,1,15.0
342,310,2024-01-18 10:04:15,2024-01-18 10:04:55,1,0,1,1,1,40.0
343,310,2024-01-18 10:04:55,2024-01-18 10:05:27,4,0,8,3,1,32.0
344,310,2024-01-18 10:05:27,2024-01-18 10:06:05,1,0,6,1,1,38.0
345,310,2024-01-18 10:06:05,2024-01-18 10:06:37,4,0,8,3,1,32.0
346,310,2024-01-18 10:06:37,2024-01-18 10:06:56,0,0,23,0,1,19.0
347,310,2024-01-18 10:06:56,2024-01-18 10:07:01,5,1,20,6,1,5.0
348,310,2024-01-18 10:07:01,2024-01-18 10:07:41,1,0,1,1,1,40.0
349,310,2024-01-18 10:07:41,2024-01-18 10:07:50,5,1,13,4,1,9.0
350,310,2024-01-18 10:07:50,2024-01-18 10:07:58,-1,-1,21,7,1,8.0
351,310,2024-01-18 10:07:58,2024-01-18 10:08:18,4,0,10,3,1,20.0
352,310,2024-01-18 10:08:18,2024-01-18 10:08:48,6,0,14,5,1,30.0
353,310,2024-01-18 10:08:48,2024-01-18 10:10:09,6,0,15,5,1,81.0
354,310,2024-01-18 10:10:09,2024-01-18 10:10:47,1,0,6,1,1,38.0
355,310,2024-01-18 10:10:47,2024-01-18 10:11:30,4,0,11,3,1,43.0
356,310,2024-01-18 10:11:30,2024-01-18 10:12:13,4,0,11,3,1,43.0
357,310,2024-01-18 10:12:13,2024-01-18 10:12:30,6,0,16,5,1,17.0
358,310,2024-01-18 10:12:30,2024-01-18 10:12:47,6,0,16,5,1,17.0
359,310,2024-01-18 10:12:47,2024-01-18 10:13:12,2,1,17,6,1,25.0
360,310,2024-01-18 10:13:12,2024-01-18 10:14:08,1,0,2,1,1,56.0
361,310,2024-01-18 10:14:08,2024-01-18 10:14:22,1,0,3,1,1,14.0
362,310,2024-01-18 10:14:22,2024-01-18 10:15:05,1,0,4,1,1,43.0
363,311,2024-01-21 16:02:00,2024-01-21 16:02:15,0,0,0,0,1,15.0
364,311,2024-01-21 16:02:15,2024-01-21 16:02:55,1,0,1,1,1,40.0
365,311,2024-01-21 16:02:55,2024-01-21 16:03:51,1,0,2,1,1,56.0
366,311,2024-01-21 16:03:51,2024-01-21 16:04:05,1,0,3,1,1,14.0
367,311,2024-01-21 16:04:05,2024-01-21 16:04:48,1,0,4,1,1,43.0
368,311,2024-01-21 16:04:48,2024-01-21 16:05:45,1,0,5,1,1,57.0
369,311,2024-01-21 16:05:45,2024-01-21 16:06:23,1,0,6,1,1,38.0
370,311,2024-01-21 16:06:23,2024-01-21 16:06:25,3,1,7,2,1,2.0
371,311,2024-01-21 16:06:25,2024-01-21 16:06:57,4,0,8,3,1,32.0
372,311,2024-01-21 16:06:57,2024-01-21 16:07:58,3,0,9,3,1,61.0
373,311,2024-01-21 16:07:58,2024-01-21 16:08:18,4,0,10,3,1,20.0
374,311,2024-01-21 16:08:18,2024-01-21 16:09:01,4,0,11,3,1,43.0
375,311,2024-01-21 16:09:01,2024-01-21 16:09:46,3,1,12,4,1,45.0
376,311,2024-01-21 16:09:46,2024-01-21 16:09:55,5,1,13,4,1,9.0
377,311,2024-01-21 16:09:55,2024-01-21 16:10:25,6,0,14,5,1,30.0
378,311,2024-01-21 16:10:25,2024-01-21 16:11:46,6,0,15,5,1,81.0
379,311,2024-01-21 16:11:46,2024-01-21 16:12:03,6,0,16,5,1,17.0
380,311,2024-01-21 16:12:03,2024-01-21 16:12:28,2,1,17,6,1,25.0
381,311,2024-01-21 16:12:28,2024-01-21 16:13:02,8,1,18,6,1,34.0
382,311,2024-01-21 16:13:02,2024-01-21 16:14:04,3,1,19,6,1,62.0
383,311,2024-01-21 16:14:04,2024-01-21 16:14:09,5,1,20,6,1,5.0
384,311,2024-01-21 16:14:09,2024-01-21 16:14:17,-1,-1,21,7,1,8.0
385,311,2024-01-21 16:14:17,2024-01-21 16:14:27,-1,2,22,8,1,10.0
386,311,2024-01-21 16:14:27,2024-01-21 16:14:46,0,0,23,0,1,19.0
387,307,2024-01-22 09:42:00,2024-01-22 09:42:15,0,0,0,0,1,15.0
388,307,2024-01-22 09:42:15,2024-01-22 09:42:23,-1,-1,21,7,1,8.0
389,307,2024-01-22 09:42:23,2024-01-22 09:43:03,1,0,1,1,1,40.0
390,307,2024-01-22 09:43:03,2024-01-22 09:43:59,1,0,2,1,1,56.0
391,307,2024-01-22 09:43:59,2024-01-22 09:44:09,-1,2,22,8,1,10.0
392,307,2024-01-22 09:44:09,2024-01-22 09:44:52,4,0,11,3,1,43.0
393,307,2024-01-22 09:44:52,2024-01-22 09:45:06,1,0,3,1,1,14.0
394,307,2024-01-22 09:45:06,2024-01-22 09:45:36,6,0,14,5,1,30.0
395,307,2024-01-22 09:45:36,2024-01-22 09:45:55,0,0,23,0,1,19.0
396,307,2024-01-22 09:45:55,2024-01-22 09:46:38,1,0,4,1,1,43.0
397,307,2024-01-22 09:46:38,2024-01-22 09:47:35,1,0,5,1,1,57.0
398,307,2024-01-22 09:47:35,2024-01-22 09:48:13,1,0,6,1,1,38.0
399,307,2024-01-22 09:48:13,2024-01-22 09:48:15,3,1,7,2,1,2.0
400,307,2024-01-22 09:48:15,2024-01-22 09:48:47,4,0,8,3,1,32.0
401,307,2024-01-22 09:48:47,2024-01-22 09:50:08,6,0,15,5,1,81.0
402,307,2024-01-22 09:50:08,2024-01-22 09:50:25,6,0,16,5,1,17.0
403,307,2024-01-22 09:50:25,2024-01-22 09:50:50,2,1,17,6,1,25.0
404,307,2024-01-22 09:50:50,2024-01-22 09:51:24,8,1,18,6,1,34.0
405,309,2024-01-22 10:04:00,2024-01-22 10:04:15,0,0,0,0,1,15.0
406,309,2024-01-22 10:04:15,2024-01-22 10:04:34,0,0,23,0,1,19.0
407,309,2024-01-22 10:04:34,2024-01-22 10:05:14,1,0,1,1,1,40.0
408,309,2024-01-22 10:05:14,2024-01-22 10:06:10,1,0,2,1,1,56.0
409,309,2024-01-22 10:06:10,2024-01-22 10:06:24,1,0,3,1,1,14.0
410,309,2024-01-22 10:06:24,2024-01-22 10:07:07,1,0,4,1,1,43.0
411,309,2024-01-22 10:07:07,2024-01-22 10:08:04,1,0,5,1,1,57.0
412,309,2024-01-22 10:08:04,2024-01-22 10:08:42,1,0,6,1,1,38.0
413,309,2024-01-22 10:08:42,2024-01-22 10:08:44,3,1,7,2,1,2.0
414,309,2024-01-22 10:08:44,2024-01-22 10:09:16,4,0,8,3,1,32.0
415,309,2024-01-22 10:09:16,2024-01-22 10:10:17,3,0,9,3,1,61.0
416,309,2024-01-22 10:10:17,2024-01-22 10:10:37,4,0,10,3,1,20.0
417,309,2024-01-22 10:10:37,2024-01-22 10:11:20,4,0,11,3,1,43.0
418,309,2024-01-22 10:11:20,2024-01-22 10:12:05,3,1,12,4,1,45.0
419,309,2024-01-22 10:12:05,2024-01-22 10:12:14,5,1,13,4,1,9.0
420,309,2024-01-22 10:12:14,2024-01-22 10:12:44,6,0,14,5,1,30.0
421,309,2024-01-22 10:12:44,2024-01-22 10:14:05,6,0,15,5,1,81.0
422,309,2024-01-22 10:14:05,2024-01-22 10:14:22,6,0,16,5,1,17.0
423,309,2024-01-22 10:14:22,2024-01-22 10:14:47,2,1,17,6,1,25.0
424,309,2024-01-22 10:14:47,2024-01-22 10:15:21,8,1,18,6,1,34.0
425,309,2024-01-22 10:15:21,2024-01-22 10:16:23,3,1,19,6,1,62.0
426,304,2024-01-23 09:14:00,2024-01-23 09:14:15,0,0,0,0,1,15.0
427,304,2024-01-23 09:14:15,2024-01-23 09:14:55,1,0,1,1,1,40.0
428,304,2024-01-23 09:14:55,2024-01-23 09:15:14,0,0,23,0,1,19.0
429,304,2024-01-23 09:15:14,2024-01-23 09:15:54,1,0,1,1,1,40.0
430,304,2024-01-23 09:15:54,2024-01-23 09:16:50,1,0,2,1,1,56.0
431,304,2024-01-23 09:16:50,2024-01-23 09:17:04,1,0,3,1,1,14.0
432,304,2024-01-23 09:17:04,2024-01-23 09:17:47,1,0,4,1,1,43.0
433,304,2024-01-23 09:17:47,2024-01-23 09:18:44,1,0,5,1,1,57.0
434,304,2024-01-23 09:18:44,2024-01-23 09:19:22,1,0,6,1,1,38.0
435,304,2024-01-23 09:19:22,2024-01-23 09:20:00,1,0,6,1,1,38.0
436,304,2024-01-23 09:20:00,2024-01-23 09:20:02,3,1,7,2,1,2.0
437,304,2024-01-23 09:20:02,2024-01-23 09:20:34,4,0,8,3,1,32.0
438,304,2024-01-23 09:20:34,2024-01-23 09:21:06,4,0,8,3,1,32.0
439,304,2024-01-23 09:21:06,2024-01-23 09:22:07,3,0,9,3,1,61.0
440,304,2024-01-23 09:22:07,2024-01-23 09:22:27,4,0,10,3,1,20.0
441,304,2024-01-23 09:22:27,2024-01-23 09:23:10,4,0,11,3,1,43.0
442,304,2024-01-23 09:23:10,2024-01-23 09:23:53,4,0,11,3,1,43.0
443,304,2024-01-23 09:23:53,2024-01-23 09:24:38,3,1,12,4,1,45.0
444,304,2024-01-23 09:24:38,2024-01-23 09:24:47,5,1,13,4,1,9.0
445,304,2024-01-23 09:24:47,2024-01-23 09:25:17,6,0,14,5,1,30.0
446,304,2024-01-23 09:25:17,2024-01-23 09:26:38,6,0,15,5,1,81.0
447,304,2024-01-23 09:26:38,2024-01-23 09:26:55,6,0,16,5,1,17.0
448,304,2024-01-23 09:26:55,2024-01-23 09:27:12,6,0,16,5,1,17.0
449,304,2024-01-23 09:27:12,2024-01-23 09:27:37,2,1,17,6,1,25.0
450,304,2024-01-23 09:27:37,2024-01-23 09:28:11,8,1,18,6,1,34.0
451,304,2024-01-23 09:28:11,2024-01-23 09:29:13,3,1,19,6,1,62.0
452,304,2024-01-23 09:29:13,2024-01-23 09:29:18,5,1,20,6,1,5.0
453,304,2024-01-23 09:29:18,2024-01-23 09:29:26,-1,-1,21,7,1,8.0
454,301,2024-01-23 14:16:00,2024-01-23 14:16:15,0,0,0,0,1,15.0
455,301,2024-01-23 14:16:15,2024-01-23 14:16:55,1,0,1,1,1,40.0
456,301,2024-01-23 14:16:55,2024-01-23 14:17:51,1,0,2,1,1,56.0
457,301,2024-01-23 14:17:51,2024-01-23 14:18:05,1,0,3,1,1,14.0
458,301,2024-01-23 14:18:05,2024-01-23 14:18:48,1,0,4,1,1,43.0
459,301,2024-01-23 14:18:48,2024-01-23 14:19:45,1,0,5,1,1,57.0
460,301,2024-01-23 14:19:45,2024-01-23 14:20:23,1,0,6,1,1,38.0
461,301,2024-01-23 14:20:23,2024-01-23 14:20:25,3,1,7,2,1,2.0
462,301,2024-01-23 14:20:25,2024-01-23 14:20:57,4,0,8,3,1,32.0
463,301,2024-01-23 14:20:57,2024-01-23 14:21:58,3,0,9,3,1,61.0
464,301,2024-01-23 14:21:58,2024-01-23 14:22:18,4,0,10,3,1,20.0
465,301,2024-01-23 14:22:18,2024-01-23 14:23:01,4,0,11,3,1,43.0
466,301,2024-01-23 14:23:01,2024-01-23 14:23:46,3,1,12,4,1,45.0
467,301,2024-01-23 14:23:46,2024-01-23 14:23:55,5,1,13,4,1,9.0
468,301,2024-01-23 14:23:55,2024-01-23 14:24:25,6,0,14,5,1,30.0
469,301,2024-01-23 14:24:25,2024-01-23 14:25:46,6,0,15,5,1,81.0
470,301,2024-01-23 14:25:46,2024-01-23 14:26:03,6,0,16,5,1,17.0
471,301,2024-01-23 14:26:03,2024-01-23 14:26:28,2,1,17,6,1,25.0
472,301,2024-01-23 14:26:28,2024-01-23 14:27:02,8,1,18,6,1,34.0
473,301,2024-01-23 14:27:02,2024-01-23 14:28:04,3,1,19,6,1,62.0
474,301,2024-01-23 14:28:04,2024-01-23 14:28:09,5,1,20,6,1,5.0
475,301,2024-01-23 14:28:09,2024-01-23 14:28:17,-1,-1,21,7,1,8.0
476,301,2024-01-23 14:28:17,2024-01-23 14:28:27,-1,2,22,8,1,10.0
477,301,2024-01-23 14:28:27,2024-01-23 14:28:46,0,0,23,0,1,19.0
478,320,2024-01-26 13:42:00,2024-01-26 13:42:15,0,0,0,0,1,15.0
479,320,2024-01-26 13:42:15,2024-01-26 13:42:34,0,0,23,0,1,19.0
480,320,2024-01-26 13:42:34,2024-01-26 13:43:17,4,0,11,3,1,43.0
481,320,2024-01-26 13:43:17,2024-01-26 13:43:57,1,0,1,1,1,40.0
482,320,2024-01-26 13:43:57,2024-01-26 13:44:35,1,0,6,1,1,38.0
483,320,2024-01-26 13:44:35,2024-01-26 13:44:52,6,0,16,5,1,17.0
484,320,2024-01-26 13:44:52,2024-01-26 13:45:24,4,0,8,3,1,32.0
485,312,2024-01-29 16:02:00,2024-01-29 16:02:15,0,0,0,0,1,15.0
486,312,2024-01-29 16:02:15,2024-01-29 16:02:55,1,0,1,1,1,40.0
487,312,2024-01-29 16:02:55,2024-01-29 16:03:51,1,0,2,1,1,56.0
488,312,2024-01-29 16:03:51,2024-01-29 16:04:05,1,0,3,1,1,14.0
489,312,2024-01-29 16:04:05,2024-01-29 16:04:48,1,0,4,1,1,43.0
490,312,2024-01-29 16:04:48,2024-01-29 16:05:45,1,0,5,1,1,57.0
491,312,2024-01-29 16:05:45,2024-01-29 16:06:23,1,0,6,1,1,38.0
492,312,2024-01-29 16:06:23,2024-01-29 16:06:25,3,1,7,2,1,2.0
493,312,2024-01-29 16:06:25,2024-01-29 16:06:57,4,0,8,3,1,32.0
494,312,2024-01-29 16:06:57,2024-01-29 16:07:58,3,0,9,3,1,61.0
495,312,2024-01-29 16:07:58,2024-01-29 16:08:18,4,0,10,3,1,20.0
496,312,2024-01-29 16:08:18,2024-01-29 16:09:01,4,0,11,3,1,43.0
497,312,2024-01-29 16:09:01,2024-01-29 16:09:46,3,1,12,4,1,45.0
498,312,2024-01-29 16:09:46,2024-01-29 16:09:55,5,1,13,4,1,9.0
499,312,2024-01-29 16:09:55,2024-01-29 16:10:25,6,0,14,5,1,30.0
500,312,2024-01-29 16:10:25,2024-01-29 16:11:46,6,0,15,5,1,81.0
501,312,2024-01-29 16:11:46,2024-01-29 16:12:03,6,0,16,5,1,17.0
502,312,2024-01-29 16:12:03,2024-01-29 16:12:28,2,1,17,6,1,25.0
503,312,2024-01-29 16:12:28,2024-01-29 16:13:02,8,1,18,6,1,34.0
504,312,2024-01-29 16:13:02,2024-01-29 16:14:04,3,1,19,6,1,62.0
505,312,2024-01-29 16:14:04,2024-01-29 16:14:09,5,1,20,6,1,5.0
506,312,2024-01-29 16:14:09,2024-01-29 16:14:17,-1,-1,21,7,1,8.0
507,312,2024-01-29 16:14:17,2024-01-29 16:14:27,-1,2,22,8,1,10.0
508,312,2024-01-29 16:14:27,2024-01-29 16:14:46,0,0,23,0,1,19.0
509,318,2024-01-30 11:02:00,2024-01-30 11:02:15,0,0,0,0,1,15.0
510,318,2024-01-30 11:02:15,2024-01-30 11:02:55,1,0,1,1,1,40.0
511,318,2024-01-30 11:02:55,2024-01-30 11:03:51,1,0,2,1,1,56.0
512,318,2024-01-30 11:03:51,2024-01-30 11:04:05,1,0,3,1,1,14.0
513,318,2024-01-30 11:04:05,2024-01-30 11:04:48,1,0,4,1,1,43.0
514,318,2024-01-30 11:04:48,2024-01-30 11:05:45,1,0,5,1,1,57.0
515,318,2024-01-30 11:05:45,2024-01-30 11:06:23,1,0,6,1,1,38.0
516,318,2024-01-30 11:06:23,2024-01-30 11:06:25,3,1,7,2,1,2.0
517,318,2024-01-30 11:06:25,2024-01-30 11:06:57,4,0,8,3,1,32.0
518,318,2024-01-30 11:06:57,2024-01-30 11:07:58,3,0,9,3,1,61.0
519,318,2024-01-30 11:07:58,2024-01-30 11:08:18,4,0,10,3,1,20.0
520,318,2024-01-30 11:08:18,2024-01-30 11:09:01,4,0,11,3,1,43.0
521,318,2024-01-30 11:09:01,2024-01-30 11:09:46,3,1,12,4,1,45.0
522,318,2024-01-30 11:09:46,2024-01-30 11:09:55,5,1,13,4,1,9.0
523,318,2024-01-30 11:09:55,2024-01-30 11:10:25,6,0,14,5,1,30.0
524,318,2024-01-30 11:10:25,2024-01-30 11:11:46,6,0,15,5,1,81.0
525,318,2024-01-30 11:11:46,2024-01-30 11:12:03,6,0,16,5,1,17.0
526,318,2024-01-30 11:12:03,2024-01-30 11:12:28,2,1,17,6,1,25.0
527,318,2024-01-30 11:12:28,2024-01-30 11:13:02,8,1,18,6,1,34.0
528,318,2024-01-30 11:13:02,2024-01-30 11:14:04,3,1,19,6,1,62.0
529,318,2024-01-30 11:14:04,2024-01-30 11:14:09,5,1,20,6,1,5.0
530,318,2024-01-30 11:14:09,2024-01-30 11:14:17,-1,-1,21,7,1,8.0
531,322,2024-02-03 10:04:00,2024-02-03 10:04:15,0,0,0,0,1,15.0
532,322,2024-02-03 10:04:15,2024-02-03 10:04:55,1,0,1,1,1,40.0
533,322,2024-02-03 10:04:55,2024-02-03 10:05:51,1,0,2,1,1,56.0
534,322,2024-02-03 10:05:51,2024-02-03 10:06:05,1,0,3,1,1,14.0
535,322,2024-02-03 10:06:05,2024-02-03 10:06:48,1,0,4,1,1,43.0
536,322,2024-02-03 10:06:48,2024-02-03 10:07:45,1,0,5,1,1,57.0
537,322,2024-02-03 10:07:45,2024-02-03 10:08:23,1,0,6,1,1,38.0
538,322,2024-02-03 10:08:23,2024-02-03 10:08:25,3,1,7,2,1,2.0
539,322,2024-02-03 10:08:25,2024-02-03 10:08:57,4,0,8,3,1,32.0
540,322,2024-02-03 10:08:57,2024-02-03 10:09:58,3,0,9,3,1,61.0
541,322,2024-02-03 10:09:58,2024-02-03 10:10:18,4,0,10,3,1,20.0
542,322,2024-02-03 10:10:18,2024-02-03 10:11:01,4,0,11,3,1,43.0
543,322,2024-02-03 10:11:01,2024-02-03 10:11:46,3,1,12,4,1,45.0
544,322,2024-02-03 10:11:46,2024-02-03 10:11:55,5,1,13,4,1,9.0
545,322,2024-02-03 10:11:55,2024-02-03 10:12:25,6,0,14,5,1,30.0
546,322,2024-02-03 10:12:25,2024-02-03 10:13:46,6,0,15,5,1,81.0
547,322,2024-02-03 10:13:46,2024-02-03 10:14:03,6,0,16,5,1,17.0
548,322,2024-02-03 10:14:03,2024-02-03 10:14:28,2,1,17,6,1,25.0
549,322,2024-02-03 10:14:28,2024-02-03 10:15:02,8,1,18,6,1,34.0
550,322,2024-02-03 10:15:02,2024-02-03 10:16:04,3,1,19,6,1,62.0
551,322,2024-02-03 10:16:04,2024-02-03 10:16:09,5,1,20,6,1,5.0
552,322,2024-02-03 10:16:09,2024-02-03 10:16:17,-1,-1,21,7,1,8.0
553,322,2024-02-03 10:16:17,2024-02-03 10:16:27,-1,2,22,8,1,10.0
554,322,2024-02-03 10:16:27,2024-02-03 10:16:46,0,0,23,0,1,19.0
555,321,2024-02-05 10:04:00,2024-02-05 10:04:15,0,0,0,0,1,15.0
556,321,2024-02-05 10:04:15,2024-02-05 10:04:55,1,0,1,1,1,40.0
557,321,2024-02-05 10:04:55,2024-02-05 10:05:51,1,0,2,1,1,56.0
558,321,2024-02-05 10:05:51,2024-02-05 10:06:05,1,0,3,1,1,14.0
559,321,2024-02-05 10:06:05,2024-02-05 10:06:48,1,0,4,1,1,43.0
560,321,2024-02-05 10:06:48,2024-02-05 10:07:45,1,0,5,1,1,57.0
561,321,2024-02-05 10:07:45,2024-02-05 10:08:23,1,0,6,1,1,38.0
562,321,2024-02-05 10:08:23,2024-02-05 10:08:25,3,1,7,2,1,2.0
563,321,2024-02-05 10:08:25,2024-02-05 10:08:57,4,0,8,3,1,32.0
564,321,2024-02-05 10:08:57,2024-02-05 10:09:58,3,0,9,3,1,61.0
565,321,2024-02-05 10:09:58,2024-02-05 10:10:18,4,0,10,3,1,20.0
566,321,2024-02-05 10:10:18,2024-02-05 10:11:01,4,0,11,3,1,43.0
567,321,2024-02-05 10:11:01,2024-02-05 10:11:46,3,1,12,4,1,45.0
568,321,2024-02-05 10:11:46,2024-02-05 10:11:55,5,1,13,4,1,9.0
569,321,2024-02-05 10:11:55,2024-02-05 10:12:25,6,0,14,5,1,30.0
570,321,2024-02-05 10:12:25,2024-02-05 10:13:46,6,0,15,5,1,81.0
571,321,2024-02-05 10:13:46,2024-02-05 10:14:03,6,0,16,5,1,17.0
572,321,2024-02-05 10:14:03,2024-02-05 10:14:28,2,1,17,6,1,25.0
573,321,2024-02-05 10:14:28,2024-02-05 10:15:02,8,1,18,6,1,34.0
574,321,2024-02-05 10:15:02,2024-02-05 10:16:04,3,1,19,6,1,62.0
575,321,2024-02-05 10:16:04,2024-02-05 10:16:09,5,1,20,6,1,5.0
576,321,2024-02-05 10:16:09,2024-02-05 10:16:17,-1,-1,21,7,1,8.0
577,321,2024-02-05 10:16:17,2024-02-05 10:16:27,-1,2,22,8,1,10.0
578,321,2024-02-05 10:16:27,2024-02-05 10:16:46,0,0,23,0,1,19.0
579,328,2024-02-08 11:25:00,2024-02-08 11:25:15,0,0,0,0,1,15.0
580,328,2024-02-08 11:25:15,2024-02-08 11:25:55,1,0,1,1,1,40.0
581,328,2024-02-08 11:25:55,2024-02-08 11:26:14,0,0,23,0,1,19.0
582,328,2024-02-08 11:26:14,2024-02-08 11:26:54,1,0,1,1,1,40.0
583,328,2024-02-08 11:26:54,2024-02-08 11:27:50,1,0,2,1,1,56.0
584,328,2024-02-08 11:27:50,2024-02-08 11:28:04,1,0,3,1,1,14.0
585,328,2024-02-08 11:28:04,2024-02-08 11:28:47,1,0,4,1,1,43.0
586,328,2024-02-08 11:28:47,2024-02-08 11:29:44,1,0,5,1,1,57.0
587,328,2024-02-08 11:29:44,2024-02-08 11:30:22,1,0,6,1,1,38.0
588,328,2024-02-08 11:30:22,2024-02-08 11:31:00,1,0,6,1,1,38.0
589,328,2024-02-08 11:31:00,2024-02-08 11:31:02,3,1,7,2,1,2.0
590,328,2024-02-08 11:31:02,2024-02-08 11:31:34,4,0,8,3,1,32.0
591,328,2024-02-08 11:31:34,2024-02-08 11:32:06,4,0,8,3,1,32.0
592,328,2024-02-08 11:32:06,2024-02-08 11:33:07,3,0,9,3,1,61.0
593,328,2024-02-08 11:33:07,2024-02-08 11:33:27,4,0,10,3,1,20.0
594,328,2024-02-08 11:33:27,2024-02-08 11:34:10,4,0,11,3,1,43.0
595,328,2024-02-08 11:34:10,2024-02-08 11:34:53,4,0,11,3,1,43.0
596,328,2024-02-08 11:34:53,2024-02-08 11:35:38,3,1,12,4,1,45.0
597,328,2024-02-08 11:35:38,2024-02-08 11:35:47,5,1,13,4,1,9.0
598,328,2024-02-08 11:35:47,2024-02-08 11:36:17,6,0,14,5,1,30.0
599,328,2024-02-08 11:36:17,2024-02-08 11:37:38,6,0,15,5,1,81.0
600,328,2024-02-08 11:37:38,2024-02-08 11:37:55,6,0,16,5,1,17.0
601,328,2024-02-08 11:37:55,2024-02-08 11:38:12,6,0,16,5,1,17.0
602,328,2024-02-08 11:38:12,2024-02-08 11:38:37,2,1,17,6,1,25.0
603,328,2024-02-08 11:38:37,2024-02-08 11:39:11,8,1,18,6,1,34.0
604,328,2024-02-08 11:39:11,2024-02-08 11:40:13,3,1,19,6,1,62.0
605,328,2024-02-08 11:40:13,2024-02-08 11:40:18,5,1,20,6,1,5.0
606,328,2024-02-08 11:40:18,2024-02-08 11:40:26,-1,-1,21,7,1,8.0
607,326,2024-02-09 10:19:00,2024-02-09 10:19:15,0,0,0,0,1,15.0
608,326,2024-02-09 10:19:15,2024-02-09 10:19:55,1,0,1,1,1,40.0
609,326,2024-02-09 10:19:55,2024-02-09 10:20:51,1,0,2,1,1,56.0
610,326,2024-02-09 10:20:51,2024-02-09 10:21:05,1,0,3,1,1,14.0
611,326,2024-02-09 10:21:05,2024-02-09 10:21:48,1,0,4,1,1,43.0
612,326,2024-02-09 10:21:48,2024-02-09 10:22:45,1,0,5,1,1,57.0
613,326,2024-02-09 10:22:45,2024-02-09 10:23:23,1,0,6,1,1,38.0
614,326,2024-02-09 10:23:23,2024-02-09 10:23:25,3,1,7,2,1,2.0
615,326,2024-02-09 10:23:25,2024-02-09 10:23:57,4,0,8,3,1,32.0
616,326,2024-02-09 10:23:57,2024-02-09 10:24:58,3,0,9,3,1,61.0
617,326,2024-02-09 10:24:58,2024-02-09 10:25:18,4,0,10,3,1,20.0
618,326,2024-02-09 10:25:18,2024-02-09 10:26:01,4,0,11,3,1,43.0
619,326,2024-02-09 10:26:01,2024-02-09 10:26:46,3,1,12,4,1,45.0
620,326,2024-02-09 10:26:46,2024-02-09 10:26:55,5,1,13,4,1,9.0
621,326,2024-02-09 10:26:55,2024-02-09 10:27:25,6,0,14,5,1,30.0
622,326,2024-02-09 10:27:25,2024-02-09 10:28:46,6,0,15,5,1,81.0
623,326,2024-02-09 10:28:46,2024-02-09 10:29:03,6,0,16,5,1,17.0
624,326,2024-02-09 10:29:03,2024-02-09 10:29:28,2,1,17,6,1,25.0
625,326,2024-02-09 10:29:28,2024-02-09 10:30:02,8,1,18,6,1,34.0
626,326,2024-02-09 10:30:02,2024-02-09 10:31:04,3,1,19,6,1,62.0
627,326,2024-02-09 10:31:04,2024-02-09 10:31:09,5,1,20,6,1,5.0
628,326,2024-02-09 10:31:09,2024-02-09 10:31:17,-1,-1,21,7,1,8.0
629,326,2024-02-09 10:31:17,2024-02-09 10:31:27,-1,2,22,8,1,10.0
630,326,2024-02-09 10:31:27,2024-02-09 10:31:46,0,0,23,0,1,19.0
631,330,2024-02-10 11:26:00,2024-02-10 11:26:15,0,0,0,0,1,15.0
632,330,2024-02-10 11:26:15,2024-02-10 11:26:55,1,0,1,1,1,40.0
633,330,2024-02-10 11:26:55,2024-02-10 11:27:35,1,0,1,1,1,40.0
634,330,2024-02-10 11:27:35,2024-02-10 11:28:31,1,0,2,1,1,56.0
635,330,2024-02-10 11:28:31,2024-02-10 11:28:45,1,0,3,1,1,14.0
636,330,2024-02-10 11:28:45,2024-02-10 11:29:04,0,0,23,0,1,19.0
637,330,2024-02-10 11:29:04,2024-02-10 11:29:47,1,0,4,1,1,43.0
638,330,2024-02-10 11:29:47,2024-02-10 11:30:44,1,0,5,1,1,57.0
639,330,2024-02-10 11:30:44,2024-02-10 11:31:22,1,0,6,1,1,38.0
640,330,2024-02-10 11:31:22,2024-02-10 11:32:00,1,0,6,1,1,38.0
641,330,2024-02-10 11:32:00,2024-02-10 11:32:02,3,1,7,2,1,2.0
642,330,2024-02-10 11:32:02,2024-02-10 11:32:34,4,0,8,3,1,32.0
643,330,2024-02-10 11:32:34,2024-02-10 11:33:06,4,0,8,3,1,32.0
644,330,2024-02-10 11:33:06,2024-02-10 11:34:07,3,0,9,3,1,61.0
645,330,2024-02-10 11:34:07,2024-02-10 11:34:27,4,0,10,3,1,20.0
646,330,2024-02-10 11:34:27,2024-02-10 11:35:10,4,0,11,3,1,43.0
647,330,2024-02-10 11:35:10,2024-02-10 11:35:53,4,0,11,3,1,43.0
648,330,2024-02-10 11:35:53,2024-02-10 11:36:38,3,1,12,4,1,45.0
649,330,2024-02-10 11:36:38,2024-02-10 11:36:47,5,1,13,4,1,9.0
650,330,2024-02-10 11:36:47,2024-02-10 11:37:17,6,0,14,5,1,30.0
651,330,2024-02-10 11:37:17,2024-02-10 11:38:38,6,0,15,5,1,81.0
652,330,2024-02-10 11:38:38,2024-02-10 11:38:55,6,0,16,5,1,17.0
653,330,2024-02-10 11:38:55,2024-02-10 11:39:12,6,0,16,5,1,17.0
654,330,2024-02-10 11:39:12,2024-02-10 11:39:37,2,1,17,6,1,25.0
655,330,2024-02-10 11:39:37,2024-02-10 11:40:11,8,1,18,6,1,34.0
656,330,2024-02-10 11:40:11,2024-02-10 11:41:13,3,1,19,6,1,62.0
657,330,2024-02-10 11:41:13,2024-02-10 11:41:18,5,1,20,6,1,5.0
658,330,2024-02-10 11:41:18,2024-02-10 11:41:26,-1,-1,21,7,1,8.0
659,327,2024-02-11 10:20:00,2024-02-11 10:20:15,0,0,0,0,1,15.0
660,327,2024-02-11 10:20:15,2024-02-11 10:20:55,1,0,1,1,1,40.0
661,327,2024-02-11 10:20:55,2024-02-11 10:21:51,1,0,2,1,1,56.0
662,327,2024-02-11 10:21:51,2024-02-11 10:22:05,1,0,3,1,1,14.0
663,327,2024-02-11 10:22:05,2024-02-11 10:22:48,1,0,4,1,1,43.0
664,327,2024-02-11 10:22:48,2024-02-11 10:23:45,1,0,5,1,1,57.0
665,327,2024-02-11 10:23:45,2024-02-11 10:24:23,1,0,6,1,1,38.0
666,327,2024-02-11 10:24:23,2024-02-11 10:24:25,3,1,7,2,1,2.0
667,327,2024-02-11 10:24:25,2024-02-11 10:24:57,4,0,8,3,1,32.0
668,327,2024-02-11 10:24:57,2024-02-11 10:25:58,3,0,9,3,1,61.0
669,327,2024-02-11 10:25:58,2024-02-11 10:26:18,4,0,10,3,1,20.0
670,327,2024-02-11 10:26:18,2024-02-11 10:27:01,4,0,11,3,1,43.0
671,327,2024-02-11 10:27:01,2024-02-11 10:27:46,3,1,12,4,1,45.0
672,327,2024-02-11 10:27:46,2024-02-11 10:27:55,5,1,13,4,1,9.0
673,327,2024-02-11 10:27:55,2024-02-11 10:28:25,6,0,14,5,1,30.0
674,327,2024-02-11 10:28:25,2024-02-11 10:29:46,6,0,15,5,1,81.0
675,327,2024-02-11 10:29:46,2024-02-11 10:30:03,6,0,16,5,1,17.0
676,327,2024-02-11 10:30:03,2024-02-11 10:30:28,2,1,17,6,1,25.0
677,327,2024-02-11 10:30:28,2024-02-11 10:31:02,8,1,18,6,1,34.0
678,327,2024-02-11 10:31:02,2024-02-11 10:32:04,3,1,19,6,1,62.0
679,327,2024-02-11 10:32:04,2024-02-11 10:32:09,5,1,20,6,1,5.0
680,327,2024-02-11 10:32:09,2024-02-11 10:32:17,-1,-1,21,7,1,8.0
681,327,2024-02-11 10:32:17,2024-02-11 10:32:27,-1,2,22,8,1,10.0
682,327,2024-02-11 10:32:27,2024-02-11 10:32:46,0,0,23,0,1,19.0
683,323,2024-02-11 15:37:00,2024-02-11 15:37:15,0,0,0,0,1,15.0
684,323,2024-02-11 15:37:15,2024-02-11 15:37:55,1,0,1,1,1,40.0
685,323,2024-02-11 15:37:55,2024-02-11 15:38:51,1,0,2,1,1,56.0
686,323,2024-02-11 15:38:51,2024-02-11 15:39:05,1,0,3,1,1,14.0
687,323,2024-02-11 15:39:05,2024-02-11 15:39:48,1,0,4,1,1,43.0
688,323,2024-02-11 15:39:48,2024-02-11 15:40:45,1,0,5,1,1,57.0
689,323,2024-02-11 15:40:45,2024-02-11 15:41:23,1,0,6,1,1,38.0
690,323,2024-02-11 15:41:23,2024-02-11 15:41:25,3,1,7,2,1,2.0
691,323,2024-02-11 15:41:25,2024-02-11 15:41:57,4,0,8,3,1,32.0
692,323,2024-02-11 15:41:57,2024-02-11 15:42:58,3,0,9,3,1,61.0
693,323,2024-02-11 15:42:58,2024-02-11 15:43:18,4,0,10,3,1,20.0
694,323,2024-02-11 15:43:18,2024-02-11 15:44:01,4,0,11,3,1,43.0
695,323,2024-02-11 15:44:01,2024-02-11 15:44:46,3,1,12,4,1,45.0
696,323,2024-02-11 15:44:46,2024-02-11 15:44:55,5,1,13,4,1,9.0
697,323,2024-02-11 15:44:55,2024-02-11 15:45:25,6,0,14,5,1,30.0
698,323,2024-02-11 15:45:25,2024-02-11 15:46:46,6,0,15,5,1,81.0
699,323,2024-02-11 15:46:46,2024-02-11 15:47:03,6,0,16,5,1,17.0
700,323,2024-02-11 15:47:03,2024-02-11 15:47:28,2,1,17,6,1,25.0
701,323,2024-02-11 15:47:28,2024-02-11 15:48:02,8,1,18,6,1,34.0
702,323,2024-02-11 15:48:02,2024-02-11 15:49:04,3,1,19,6,1,62.0
703,323,2024-02-11 15:49:04,2024-02-11 15:49:09,5,1,20,6,1,5.0
704,323,2024-02-11 15:49:09,2024-02-11 15:49:17,-1,-1,21,7,1,8.0
705,323,2024-02-11 15:49:17,2024-02-11 15:49:27,-1,2,22,8,1,10.0
706,323,2024-02-11 15:49:27,2024-02-11 15:49:46,0,0,23,0,1,19.0
707,329,2024-02-12 11:26:00,2024-02-12 11:26:15,0,0,0,0,1,15.0
708,329,2024-02-12 11:26:15,2024-02-12 11:26:55,1,0,1,1,1,40.0
709,329,2024-02-12 11:26:55,2024-02-12 11:27:14,0,0,23,0,1,19.0
710,329,2024-02-12 11:27:14,2024-02-12 11:27:54,1,0,1,1,1,40.0
711,329,2024-02-12 11:27:54,2024-02-12 11:28:50,1,0,2,1,1,56.0
712,329,2024-02-12 11:28:50,2024-02-12 11:29:04,1,0,3,1,1,14.0
713,329,2024-02-12 11:29:04,2024-02-12 11:29:47,1,0,4,1,1,43.0
714,329,2024-02-12 11:29:47,2024-02-12 11:30:44,1,0,5,1,1,57.0
715,329,2024-02-12 11:30:44,2024-02-12 11:31:22,1,0,6,1,1,38.0
716,329,2024-02-12 11:31:22,2024-02-12 11:32:00,1,0,6,1,1,38.0
717,329,2024-02-12 11:32:00,2024-02-12 11:32:02,3,1,7,2,1,2.0
718,329,2024-02-12 11:32:02,2024-02-12 11:32:34,4,0,8,3,1,32.0
719,329,2024-02-12 11:32:34,2024-02-12 11:33:06,4,0,8,3,1,32.0
720,329,2024-02-12 11:33:06,2024-02-12 11:34:07,3,0,9,3,1,61.0
721,329,2024-02-12 11:34:07,2024-02-12 11:34:27,4,0,10,3,1,20.0
722,329,2024-02-12 11:34:27,2024-02-12 11:35:10,4,0,11,3,1,43.0
723,329,2024-02-12 11:35:10,2024-02-12 11:35:53,4,0,11,3,1,43.0
724,329,2024-02-12 11:35:53,2024-02-12 11:36:38,3,1,12,4,1,45.0
725,329,2024-02-12 11:36:38,2024-02-12 11:36:47,5,1,13,4,1,9.0
726,329,2024-02-12 11:36:47,2024-02-12 11:37:17,6,0,14,5,1,30.0
727,329,2024-02-12 11:37:17,2024-02-12 11:38:38,6,0,15,5,1,81.0
728,329,2024-02-12 11:38:38,2024-02-12 11:38:55,6,0,16,5,1,17.0
729,329,2024-02-12 11:38:55,2024-02-12 11:39:12,6,0,16,5,1,17.0
730,329,2024-02-12 11:39:12,2024-02-12 11:39:37,2,1,17,6,1,25.0
731,329,2024-02-12 11:39:37,2024-02-12 11:40:11,8,1,18,6,1,34.0
732,329,2024-02-12 11:40:11,2024-02-12 11:41:13,3,1,19,6,1,62.0
733,329,2024-02-12 11:41:13,2024-02-12 11:41:18,5,1,20,6,1,5.0
734,329,2024-02-12 11:41:18,2024-02-12 11:41:26,-1,-1,21,7,1,8.0
735,325,2024-02-17 09:35:00,2024-02-17 09:35:15,0,0,0,0,1,15.0
736,325,2024-02-17 09:35:15,2024-02-17 09:35:55,1,0,1,1,1,40.0
737,325,2024-02-17 09:35:55,2024-02-17 09:36:51,1,0,2,1,1,56.0
738,325,2024-02-17 09:36:51,2024-02-17 09:37:05,1,0,3,1,1,14.0
739,325,2024-02-17 09:37:05,2024-02-17 09:37:48,1,0,4,1,1,43.0
740,325,2024-02-17 09:37:48,2024-02-17 09:38:45,1,0,5,1,1,57.0
741,325,2024-02-17 09:38:45,2024-02-17 09:39:23,1,0,6,1,1,38.0
742,325,2024-02-17 09:39:23,2024-02-17 09:39:25,3,1,7,2,1,2.0
743,325,2024-02-17 09:39:25,2024-02-17 09:39:57,4,0,8,3,1,32.0
744,325,2024-02-17 09:39:57,2024-02-17 09:40:58,3,0,9,3,1,61.0
745,325,2024-02-17 09:40:58,2024-02-17 09:41:18,4,0,10,3,1,20.0
746,325,2024-02-17 09:41:18,2024-02-17 09:42:01,4,0,11,3,1,43.0
747,325,2024-02-17 09:42:01,2024-02-17 09:42:46,3,1,12,4,1,45.0
748,325,2024-02-17 09:42:46,2024-02-17 09:42:55,5,1,13,4,1,9.0
749,325,2024-02-17 09:42:55,2024-02-17 09:43:25,6,0,14,5,1,30.0
750,325,2024-02-17 09:43:25,2024-02-17 09:44:46,6,0,15,5,1,81.0
751,325,2024-02-17 09:44:46,2024-02-17 09:45:03,6,0,16,5,1,17.0
752,325,2024-02-17 09:45:03,2024-02-17 09:45:28,2,1,17,6,1,25.0
753,325,2024-02-17 09:45:28,2024-02-17 09:46:02,8,1,18,6,1,34.0
754,325,2024-02-17 09:46:02,2024-02-17 09:47:04,3,1,19,6,1,62.0
755,325,2024-02-17 09:47:04,2024-02-17 09:47:09,5,1,20,6,1,5.0
756,325,2024-02-17 09:47:09,2024-02-17 09:47:17,-1,-1,21,7,1,8.0
757,325,2024-02-17 09:47:17,2024-02-17 09:47:27,-1,2,22,8,1,10.0
758,325,2024-02-17 09:47:27,2024-02-17 09:47:46,0,0,23,0,1,19.0
759,324,2024-02-19 15:37:00,2024-02-19 15:37:15,0,0,0,0,1,15.0
760,324,2024-02-19 15:37:15,2024-02-19 15:37:55,1,0,1,1,1,40.0
761,324,2024-02-19 15:37:55,2024-02-19 15:38:51,1,0,2,1,1,56.0
762,324,2024-02-19 15:38:51,2024-02-19 15:39:05,1,0,3,1,1,14.0
763,324,2024-02-19 15:39:05,2024-02-19 15:39:48,1,0,4,1,1,43.0
764,324,2024-02-19 15:39:48,2024-02-19 15:40:45,1,0,5,1,1,57.0
765,324,2024-02-19 15:40:45,2024-02-19 15:41:23,1,0,6,1,1,38.0
766,324,2024-02-19 15:41:23,2024-02-19 15:41:25,3,1,7,2,1,2.0
767,324,2024-02-19 15:41:25,2024-02-19 15:41:57,4,0,8,3,1,32.0
768,324,2024-02-19 15:41:57,2024-02-19 15:42:58,3,0,9,3,1,61.0
769,324,2024-02-19 15:42:58,2024-02-19 15:43:18,4,0,10,3,1,20.0
770,324,2024-02-19 15:43:18,2024-02-19 15:44:01,4,0,11,3,1,43.0
771,324,2024-02-19 15:44:01,2024-02-19 15:44:46,3,1,12,4,1,45.0
772,324,2024-02-19 15:44:46,2024-02-19 15:44:55,5,1,13,4,1,9.0
773,324,2024-02-19 15:44:55,2024-02-19 15:45:25,6,0,14,5,1,30.0
774,324,2024-02-19 15:45:25,2024-02-19 15:46:46,6,0,15,5,1,81.0
775,324,2024-02-19 15:46:46,2024-02-19 15:47:03,6,0,16,5,1,17.0
776,324,2024-02-19 15:47:03,2024-02-19 15:47:28,2,1,17,6,1,25.0
777,324,2024-02-19 15:47:28,2024-02-19 15:48:02,8,1,18,6,1,34.0
778,324,2024-02-19 15:48:02,2024-02-19 15:49:04,3,1,19,6,1,62.0
779,324,2024-02-19 15:49:04,2024-02-19 15:49:09,5,1,20,6,1,5.0
780,324,2024-02-19 15:49:09,2024-02-19 15:49:17,-1,-1,21,7,1,8.0
781,324,2024-02-19 15:49:17,2024-02-19 15:49:27,-1,2,22,8,1,10.0
782,324,2024-02-19 15:49:27,2024-02-19 15:49:46,0,0,23,0,1,19.0
783,332,2024-02-22 10:59:00,2024-02-22 10:59:15,0,0,0,0,1,15.0
784,332,2024-02-22 10:59:15,2024-02-22 10:59:55,1,0,1,1,1,40.0
785,332,2024-02-22 10:59:55,2024-02-22 11:00:51,1,0,2,1,1,56.0
786,332,2024-02-22 11:00:51,2024-02-22 11:01:05,1,0,3,1,1,14.0
787,332,2024-02-22 11:01:05,2024-02-22 11:01:48,1,0,4,1,1,43.0
788,332,2024-02-22 11:01:48,2024-02-22 11:02:45,1,0,5,1,1,57.0
789,332,2024-02-22 11:02:45,2024-02-22 11:03:23,1,0,6,1,1,38.0
790,332,2024-02-22 11:03:23,2024-02-22 11:03:25,3,1,7,2,1,2.0
791,332,2024-02-22 11:03:25,2024-02-22 11:03:57,4,0,8,3,1,32.0
792,332,2024-02-22 11:03:57,2024-02-22 11:04:58,3,0,9,3,1,61.0
793,332,2024-02-22 11:04:58,2024-02-22 11:05:18,4,0,10,3,1,20.0
794,332,2024-02-22 11:05:18,2024-02-22 11:06:01,4,0,11,3,1,43.0
795,332,2024-02-22 11:06:01,2024-02-22 11:06:46,3,1,12,4,1,45.0
796,332,2024-02-22 11:06:46,2024-02-22 11:06:55,5,1,13,4,1,9.0
797,332,2024-02-22 11:06:55,2024-02-22 11:07:25,6,0,14,5,1,30.0
798,332,2024-02-22 11:07:25,2024-02-22 11:08:46,6,0,15,5,1,81.0
799,332,2024-02-22 11:08:46,2024-02-22 11:09:03,6,0,16,5,1,17.0
800,332,2024-02-22 11:09:03,2024-02-22 11:09:28,2,1,17,6,1,25.0
801,332,2024-02-22 11:09:28,2024-02-22 11:10:02,8,1,18,6,1,34.0
802,332,2024-02-22 11:10:02,2024-02-22 11:11:04,3,1,19,6,1,62.0
803,332,2024-02-22 11:11:04,2024-02-22 11:11:09,5,1,20,6,1,5.0
804,332,2024-02-22 11:11:09,2024-02-22 11:11:17,-1,-1,21,7,1,8.0
805,332,2024-02-22 11:11:17,2024-02-22 11:11:27,-1,2,22,8,1,10.0
806,332,2024-02-22 11:11:27,2024-02-22 11:11:46,0,0,23,0,1,19.0
807,331,2024-02-23 11:26:00,2024-02-23 11:26:15,0,0,0,0,1,15.0
808,331,2024-02-23 11:26:15,2024-02-23 11:26:55,1,0,1,1,1,40.0
809,331,2024-02-23 11:26:55,2024-02-23 11:27:35,1,0,1,1,1,40.0
810,331,2024-02-23 11:27:35,2024-02-23 11:28:31,1,0,2,1,1,56.0
811,331,2024-02-23 11:28:31,2024-02-23 11:28:45,1,0,3,1,1,14.0
812,331,2024-02-23 11:28:45,2024-02-23 11:29:28,1,0,4,1,1,43.0
813,331,2024-02-23 11:29:28,2024-02-23 11:30:25,1,0,5,1,1,57.0
814,331,2024-02-23 11:30:25,2024-02-23 11:31:03,1,0,6,1,1,38.0
815,331,2024-02-23 11:31:03,2024-02-23 11:31:41,1,0,6,1,1,38.0
816,331,2024-02-23 11:31:41,2024-02-23 11:32:00,0,0,23,0,1,19.0
817,331,2024-02-23 11:32:00,2024-02-23 11:32:02,3,1,7,2,1,2.0
818,331,2024-02-23 11:32:02,2024-02-23 11:32:34,4,0,8,3,1,32.0
819,331,2024-02-23 11:32:34,2024-02-23 11:33:06,4,0,8,3,1,32.0
820,331,2024-02-23 11:33:06,2024-02-23 11:34:07,3,0,9,3,1,61.0
821,331,2024-02-23 11:34:07,2024-02-23 11:34:27,4,0,10,3,1,20.0
822,331,2024-02-23 11:34:27,2024-02-23 11:35:10,4,0,11,3,1,43.0
823,331,2024-02-23 11:35:10,2024-02-23 11:35:53,4,0,11,3,1,43.0
824,331,2024-02-23 11:35:53,2024-02-23 11:36:38,3,1,12,4,1,45.0
825,331,2024-02-23 11:36:38,2024-02-23 11:36:47,5,1,13,4,1,9.0
826,331,2024-02-23 11:36:47,2024-02-23 11:37:17,6,0,14,5,1,30.0
827,331,2024-02-23 11:37:17,2024-02-23 11:38:38,6,0,15,5,1,81.0
828,331,2024-02-23 11:38:38,2024-02-23 11:38:55,6,0,16,5,1,17.0
829,331,2024-02-23 11:38:55,2024-02-23 11:39:12,6,0,16,5,1,17.0
830,331,2024-02-23 11:39:12,2024-02-23 11:39:37,2,1,17,6,1,25.0
831,331,2024-02-23 11:39:37,2024-02-23 11:40:11,8,1,18,6,1,34.0
832,331,2024-02-23 11:40:11,2024-02-23 11:41:13,3,1,19,6,1,62.0
833,331,2024-02-23 11:41:13,2024-02-23 11:41:18,5,1,20,6,1,5.0
834,331,2024-02-23 11:41:18,2024-02-23 11:41:26,-1,-1,21,7,1,8.0
835,335,2024-02-25 11:23:00,2024-02-25 11:23:15,0,0,0,0,1,15.0
836,335,2024-02-25 11:23:15,2024-02-25 11:23:55,1,0,1,1,1,40.0
837,335,2024-02-25 11:23:55,2024-02-25 11:24:14,0,0,23,0,1,19.0
838,335,2024-02-25 11:24:14,2024-02-25 11:24:54,1,0,1,1,1,40.0
839,335,2024-02-25 11:24:54,2024-02-25 11:25:50,1,0,2,1,1,56.0
840,335,2024-02-25 11:25:50,2024-02-25 11:26:04,1,0,3,1,1,14.0
841,335,2024-02-25 11:26:04,2024-02-25 11:26:47,1,0,4,1,1,43.0
842,335,2024-02-25 11:26:47,2024-02-25 11:27:44,1,0,5,1,1,57.0
843,335,2024-02-25 11:27:44,2024-02-25 11:28:22,1,0,6,1,1,38.0
844,335,2024-02-25 11:28:22,2024-02-25 11:29:00,1,0,6,1,1,38.0
845,335,2024-02-25 11:29:00,2024-02-25 11:29:02,3,1,7,2,1,2.0
846,335,2024-02-25 11:29:02,2024-02-25 11:29:34,4,0,8,3,1,32.0
847,335,2024-02-25 11:29:34,2024-02-25 11:30:06,4,0,8,3,1,32.0
848,335,2024-02-25 11:30:06,2024-02-25 11:31:07,3,0,9,3,1,61.0
849,335,2024-02-25 11:31:07,2024-02-25 11:31:27,4,0,10,3,1,20.0
850,335,2024-02-25 11:31:27,2024-02-25 11:32:10,4,0,11,3,1,43.0
851,335,2024-02-25 11:32:10,2024-02-25 11:32:53,4,0,11,3,1,43.0
852,335,2024-02-25 11:32:53,2024-02-25 11:33:38,3,1,12,4,1,45.0
853,335,2024-02-25 11:33:38,2024-02-25 11:33:47,5,1,13,4,1,9.0
854,335,2024-02-25 11:33:47,2024-02-25 11:34:17,6,0,14,5,1,30.0
855,335,2024-02-25 11:34:17,2024-02-25 11:35:38,6,0,15,5,1,81.0
856,335,2024-02-25 11:35:38,2024-02-25 11:35:55,6,0,16,5,1,17.0
857,335,2024-02-25 11:35:55,2024-02-25 11:36:12,6,0,16,5,1,17.0
858,335,2024-02-25 11:36:12,2024-02-25 11:36:37,2,1,17,6,1,25.0
859,335,2024-02-25 11:36:37,2024-02-25 11:37:11,8,1,18,6,1,34.0
860,335,2024-02-25 11:37:11,2024-02-25 11:38:13,3,1,19,6,1,62.0
861,335,2024-02-25 11:38:13,2024-02-25 11:38:18,5,1,20,6,1,5.0
862,335,2024-02-25 11:38:18,2024-02-25 11:38:26,-1,-1,21,7,1,8.0
863,334,2024-02-28 11:23:00,2024-02-28 11:23:15,0,0,0,0,1,15.0
864,334,2024-02-28 11:23:15,2024-02-28 11:23:55,1,0,1,1,1,40.0
865,334,2024-02-28 11:23:55,2024-02-28 11:24:35,1,0,1,1,1,40.0
866,334,2024-02-28 11:24:35,2024-02-28 11:24:54,0,0,23,0,1,19.0
867,334,2024-02-28 11:24:54,2024-02-28 11:25:50,1,0,2,1,1,56.0
868,334,2024-02-28 11:25:50,2024-02-28 11:26:04,1,0,3,1,1,14.0
869,334,2024-02-28 11:26:04,2024-02-28 11:26:47,1,0,4,1,1,43.0
870,334,2024-02-28 11:26:47,2024-02-28 11:27:44,1,0,5,1,1,57.0
871,334,2024-02-28 11:27:44,2024-02-28 11:28:22,1,0,6,1,1,38.0
872,334,2024-02-28 11:28:22,2024-02-28 11:29:00,1,0,6,1,1,38.0
873,334,2024-02-28 11:29:00,2024-02-28 11:29:02,3,1,7,2,1,2.0
874,334,2024-02-28 11:29:02,2024-02-28 11:29:34,4,0,8,3,1,32.0
875,334,2024-02-28 11:29:34,2024-02-28 11:30:06,4,0,8,3,1,32.0
876,334,2024-02-28 11:30:06,2024-02-28 11:31:07,3,0,9,3,1,61.0
877,334,2024-02-28 11:31:07,2024-02-28 11:31:27,4,0,10,3,1,20.0
878,334,2024-02-28 11:31:27,2024-02-28 11:32:10,4,0,11,3,1,43.0
879,334,2024-02-28 11:32:10,2024-02-28 11:32:53,4,0,11,3,1,43.0
880,334,2024-02-28 11:32:53,2024-02-28 11:33:38,3,1,12,4,1,45.0
881,334,2024-02-28 11:33:38,2024-02-28 11:33:47,5,1,13,4,1,9.0
882,334,2024-02-28 11:33:47,2024-02-28 11:34:17,6,0,14,5,1,30.0
883,334,2024-02-28 11:34:17,2024-02-28 11:35:38,6,0,15,5,1,81.0
884,334,2024-02-28 11:35:38,2024-02-28 11:35:55,6,0,16,5,1,17.0
885,334,2024-02-28 11:35:55,2024-02-28 11:36:12,6,0,16,5,1,17.0
886,334,2024-02-28 11:36:12,2024-02-28 11:36:37,2,1,17,6,1,25.0
887,334,2024-02-28 11:36:37,2024-02-28 11:37:11,8,1,18,6,1,34.0
888,334,2024-02-28 11:37:11,2024-02-28 11:38:13,3,1,19,6,1,62.0
889,334,2024-02-28 11:38:13,2024-02-28 11:38:18,5,1,20,6,1,5.0
890,334,2024-02-28 11:38:18,2024-02-28 11:38:26,-1,-1,21,7,1,8.0
891,333,2024-03-02 10:59:00,2024-03-02 10:59:15,0,0,0,0,1,15.0
892,333,2024-03-02 10:59:15,2024-03-02 10:59:55,1,0,1,1,1,40.0
893,333,2024-03-02 10:59:55,2024-03-02 11:00:51,1,0,2,1,1,56.0
894,333,2024-03-02 11:00:51,2024-03-02 11:01:05,1,0,3,1,1,14.0
895,333,2024-03-02 11:01:05,2024-03-02 11:01:48,1,0,4,1,1,43.0
896,333,2024-03-02 11:01:48,2024-03-02 11:02:45,1,0,5,1,1,57.0
897,333,2024-03-02 11:02:45,2024-03-02 11:03:23,1,0,6,1,1,38.0
898,333,2024-03-02 11:03:23,2024-03-02 11:03:25,3,1,7,2,1,2.0
899,333,2024-03-02 11:03:25,2024-03-02 11:03:57,4,0,8,3,1,32.0
900,333,2024-03-02 11:03:57,2024-03-02 11:04:58,3,0,9,3,1,61.0
901,333,2024-03-02 11:04:58,2024-03-02 11:05:18,4,0,10,3,1,20.0
902,333,2024-03-02 11:05:18,2024-03-02 11:06:01,4,0,11,3,1,43.0
903,333,2024-03-02 11:06:01,2024-03-02 11:06:46,3,1,12,4,1,45.0
904,333,2024-03-02 11:06:46,2024-03-02 11:06:55,5,1,13,4,1,9.0
905,333,2024-03-02 11:06:55,2024-03-02 11:07:25,6,0,14,5,1,30.0
906,333,2024-03-02 11:07:25,2024-03-02 11:08:46,6,0,15,5,1,81.0
907,333,2024-03-02 11:08:46,2024-03-02 11:09:03,6,0,16,5,1,17.0
908,333,2024-03-02 11:09:03,2024-03-02 11:09:28,2,1,17,6,1,25.0
909,333,2024-03-02 11:09:28,2024-03-02 11:10:02,8,1,18,6,1,34.0
910,333,2024-03-02 11:10:02,2024-03-02 11:11:04,3,1,19,6,1,62.0
911,333,2024-03-02 11:11:04,2024-03-02 11:11:09,5,1,20,6,1,5.0
912,333,2024-03-02 11:11:09,2024-03-02 11:11:17,-1,-1,21,7,1,8.0
913,333,2024-03-02 11:11:17,2024-03-02 11:11:27,-1,2,22,8,1,10.0
914,333,2024-03-02 11:11:27,2024-03-02 11:11:46,0,0,23,0,1,19.0
915,338,2024-03-04 10:33:00,2024-03-04 10:33:15,0,0,0,0,1,15.0
916,338,2024-03-04 10:33:15,2024-03-04 10:33:55,1,0,1,1,1,40.0
917,338,2024-03-04 10:33:55,2024-03-04 10:34:51,1,0,2,1,1,56.0
918,338,2024-03-04 10:34:51,2024-03-04 10:35:05,1,0,3,1,1,14.0
919,338,2024-03-04 10:35:05,2024-03-04 10:35:48,1,0,4,1,1,43.0
920,338,2024-03-04 10:35:48,2024-03-04 10:36:45,1,0,5,1,1,57.0
921,338,2024-03-04 10:36:45,2024-03-04 10:37:23,1,0,6,1,1,38.0
922,338,2024-03-04 10:37:23,2024-03-04 10:37:25,3,1,7,2,1,2.0
923,338,2024-03-04 10:37:25,2024-03-04 10:37:57,4,0,8,3,1,32.0
924,338,2024-03-04 10:37:57,2024-03-04 10:38:58,3,0,9,3,1,61.0
925,338,2024-03-04 10:38:58,2024-03-04 10:39:18,4,0,10,3,1,20.0
926,338,2024-03-04 10:39:18,2024-03-04 10:40:01,4,0,11,3,1,43.0
927,338,2024-03-04 10:40:01,2024-03-04 10:40:46,3,1,12,4,1,45.0
928,338,2024-03-04 10:40:46,2024-03-04 10:40:55,5,1,13,4,1,9.0
929,338,2024-03-04 10:40:55,2024-03-04 10:41:25,6,0,14,5,1,30.0
930,338,2024-03-04 10:41:25,2024-03-04 10:42:46,6,0,15,5,1,81.0
931,338,2024-03-04 10:42:46,2024-03-04 10:43:03,6,0,16,5,1,17.0
932,338,2024-03-04 10:43:03,2024-03-04 10:43:28,2,1,17,6,1,25.0
933,338,2024-03-04 10:43:28,2024-03-04 10:44:02,8,1,18,6,1,34.0
934,338,2024-03-04 10:44:02,2024-03-04 10:45:04,3,1,19,6,1,62.0
935,338,2024-03-04 10:45:04,2024-03-04 10:45:09,5,1,20,6,1,5.0
936,338,2024-03-04 10:45:09,2024-03-04 10:45:17,-1,-1,21,7,1,8.0
937,338,2024-03-04 10:45:17,2024-03-04 10:45:27,-1,2,22,8,1,10.0
938,338,2024-03-04 10:45:27,2024-03-04 10:45:46,0,0,23,0,1,19.0
939,336,2024-03-05 11:58:00,2024-03-05 11:58:15,0,0,0,0,1,15.0
940,336,2024-03-05 11:58:15,2024-03-05 11:58:55,1,0,1,1,1,40.0
941,336,2024-03-05 11:58:55,2024-03-05 11:59:51,1,0,2,1,1,56.0
942,336,2024-03-05 11:59:51,2024-03-05 12:00:05,1,0,3,1,1,14.0
943,336,2024-03-05 12:00:05,2024-03-05 12:00:48,1,0,4,1,1,43.0
944,336,2024-03-05 12:00:48,2024-03-05 12:01:45,1,0,5,1,1,57.0
945,336,2024-03-05 12:01:45,2024-03-05 12:02:23,1,0,6,1,1,38.0
946,336,2024-03-05 12:02:23,2024-03-05 12:02:25,3,1,7,2,1,2.0
947,336,2024-03-05 12:02:25,2024-03-05 12:02:57,4,0,8,3,1,32.0
948,336,2024-03-05 12:02:57,2024-03-05 12:03:58,3,0,9,3,1,61.0
949,336,2024-03-05 12:03:58,2024-03-05 12:04:18,4,0,10,3,1,20.0
950,336,2024-03-05 12:04:18,2024-03-05 12:05:01,4,0,11,3,1,43.0
951,336,2024-03-05 12:05:01,2024-03-05 12:05:46,3,1,12,4,1,45.0
952,336,2024-03-05 12:05:46,2024-03-05 12:05:55,5,1,13,4,1,9.0
953,336,2024-03-05 12:05:55,2024-03-05 12:06:25,6,0,14,5,1,30.0
954,336,2024-03-05 12:06:25,2024-03-05 12:07:46,6,0,15,5,1,81.0
955,336,2024-03-05 12:07:46,2024-03-05 12:08:03,6,0,16,5,1,17.0
956,336,2024-03-05 12:08:03,2024-03-05 12:08:28,2,1,17,6,1,25.0
957,336,2024-03-05 12:08:28,2024-03-05 12:09:02,8,1,18,6,1,34.0
958,336,2024-03-05 12:09:02,2024-03-05 12:10:04,3,1,19,6,1,62.0
959,336,2024-03-05 12:10:04,2024-03-05 12:10:09,5,1,20,6,1,5.0
960,336,2024-03-05 12:10:09,2024-03-05 12:10:17,-1,-1,21,7,1,8.0
961,336,2024-03-05 12:10:17,2024-03-05 12:10:27,-1,2,22,8,1,10.0
962,336,2024-03-05 12:10:27,2024-03-05 12:10:46,0,0,23,0,1,19.0
963,344,2024-03-07 10:24:00,2024-03-07 10:24:15,0,0,0,0,1,15.0
964,344,2024-03-07 10:24:15,2024-03-07 10:24:55,1,0,1,1,1,40.0
965,344,2024-03-07 10:24:55,2024-03-07 10:25:35,1,0,1,1,1,40.0
966,344,2024-03-07 10:25:35,2024-03-07 10:26:31,1,0,2,1,1,56.0
967,344,2024-03-07 10:26:31,2024-03-07 10:26:45,1,0,3,1,1,14.0
968,344,2024-03-07 10:26:45,2024-03-07 10:27:28,1,0,4,1,1,43.0
969,344,2024-03-07 10:27:28,2024-03-07 10:28:25,1,0,5,1,1,57.0
970,344,2024-03-07 10:28:25,2024-03-07 10:28:44,0,0,23,0,1,19.0
971,344,2024-03-07 10:28:44,2024-03-07 10:29:22,1,0,6,1,1,38.0
972,344,2024-03-07 10:29:22,2024-03-07 10:30:00,1,0,6,1,1,38.0
973,344,2024-03-07 10:30:00,2024-03-07 10:30:02,3,1,7,2,1,2.0
974,344,2024-03-07 10:30:02,2024-03-07 10:30:34,4,0,8,3,1,32.0
975,344,2024-03-07 10:30:34,2024-03-07 10:31:06,4,0,8,3,1,32.0
976,344,2024-03-07 10:31:06,2024-03-07 10:32:07,3,0,9,3,1,61.0
977,344,2024-03-07 10:32:07,2024-03-07 10:32:27,4,0,10,3,1,20.0
978,344,2024-03-07 10:32:27,2024-03-07 10:33:10,4,0,11,3,1,43.0
979,344,2024-03-07 10:33:10,2024-03-07 10:33:53,4,0,11,3,1,43.0
980,344,2024-03-07 10:33:53,2024-03-07 10:34:38,3,1,12,4,1,45.0
981,344,2024-03-07 10:34:38,2024-03-07 10:34:47,5,1,13,4,1,9.0
982,344,2024-03-07 10:34:47,2024-03-07 10:35:17,6,0,14,5,1,30.0
983,344,2024-03-07 10:35:17,2024-03-07 10:36:38,6,0,15,5,1,81.0
984,344,2024-03-07 10:36:38,2024-03-07 10:36:55,6,0,16,5,1,17.0
985,344,2024-03-07 10:36:55,2024-03-07 10:37:12,6,0,16,5,1,17.0
986,344,2024-03-07 10:37:12,2024-03-07 10:37:37,2,1,17,6,1,25.0
987,344,2024-03-07 10:37:37,2024-03-07 10:38:11,8,1,18,6,1,34.0
988,344,2024-03-07 10:38:11,2024-03-07 10:39:13,3,1,19,6,1,62.0
989,344,2024-03-07 10:39:13,2024-03-07 10:39:18,5,1,20,6,1,5.0
990,344,2024-03-07 10:39:18,2024-03-07 10:39:26,-1,-1,21,7,1,8.0
991,337,2024-03-08 14:49:00,2024-03-08 14:49:15,0,0,0,0,1,15.0
992,337,2024-03-08 14:49:15,2024-03-08 14:49:55,1,0,1,1,1,40.0
993,337,2024-03-08 14:49:55,2024-03-08 14:50:51,1,0,2,1,1,56.0
994,337,2024-03-08 14:50:51,2024-03-08 14:51:05,1,0,3,1,1,14.0
995,337,2024-03-08 14:51:05,2024-03-08 14:51:48,1,0,4,1,1,43.0
996,337,2024-03-08 14:51:48,2024-03-08 14:52:45,1,0,5,1,1,57.0
997,337,2024-03-08 14:52:45,2024-03-08 14:53:23,1,0,6,1,1,38.0
998,337,2024-03-08 14:53:23,2024-03-08 14:53:25,3,1,7,2,1,2.0
999,337,2024-03-08 14:53:25,2024-03-08 14:53:57,4,0,8,3,1,32.0
1000,337,2024-03-08 14:53:57,2024-03-08 14:54:58,3,0,9,3,1,61.0
1001,337,2024-03-08 14:54:58,2024-03-08 14:55:18,4,0,10,3,1,20.0
1002,337,2024-03-08 14:55:18,2024-03-08 14:56:01,4,0,11,3,1,43.0
1003,337,2024-03-08 14:56:01,2024-03-08 14:56:46,3,1,12,4,1,45.0
1004,337,2024-03-08 14:56:46,2024-03-08 14:56:55,5,1,13,4,1,9.0
1005,337,2024-03-08 14:56:55,2024-03-08 14:57:25,6,0,14,5,1,30.0
1006,337,2024-03-08 14:57:25,2024-03-08 14:58:46,6,0,15,5,1,81.0
1007,337,2024-03-08 14:58:46,2024-03-08 14:59:03,6,0,16,5,1,17.0
1008,337,2024-03-08 14:59:03,2024-03-08 14:59:28,2,1,17,6,1,25.0
1009,337,2024-03-08 14:59:28,2024-03-08 15:00:02,8,1,18,6,1,34.0
1010,337,2024-03-08 15:00:02,2024-03-08 15:01:04,3,1,19,6,1,62.0
1011,337,2024-03-08 15:01:04,2024-03-08 15:01:09,5,1,20,6,1,5.0
1012,337,2024-03-08 15:01:09,2024-03-08 15:01:17,-1,-1,21,7,1,8.0
1013,337,2024-03-08 15:01:17,2024-03-08 15:01:27,-1,2,22,8,1,10.0
1014,337,2024-03-08 15:01:27,2024-03-08 15:01:46,0,0,23,0,1,19.0
1015,339,2024-03-10 12:46:00,2024-03-10 12:46:15,0,0,0,0,1,15.0
1016,339,2024-03-10 12:46:15,2024-03-10 12:46:55,1,0,1,1,1,40.0
1017,339,2024-03-10 12:46:55,2024-03-10 12:47:51,1,0,2,1,1,56.0
1018,339,2024-03-10 12:47:51,2024-03-10 12:48:05,1,0,3,1,1,14.0
1019,349,2024-03-10 12:47:51,2024-03-10 12:48:06,0,0,0,0,1,15.0
1020,339,2024-03-10 12:48:05,2024-03-10 12:48:48,1,0,4,1,1,43.0
1021,349,2024-03-10 12:48:48,2024-03-10 12:49:28,1,0,1,1,1,40.0
1022,339,2024-03-10 12:49:29,2024-03-10 12:50:26,1,0,5,1,1,57.0
1023,349,2024-03-10 12:50:26,2024-03-10 12:51:22,1,0,2,1,1,56.0
1024,339,2024-03-10 12:51:22,2024-03-10 12:52:00,1,0,6,1,1,38.0
1025,339,2024-03-10 12:52:00,2024-03-10 12:52:02,3,1,7,2,1,2.0
1026,349,2024-03-10 12:52:01,2024-03-10 12:52:15,1,0,3,1,1,14.0
1027,339,2024-03-10 12:52:02,2024-03-10 12:52:34,4,0,8,3,1,32.0
1028,349,2024-03-10 12:52:15,2024-03-10 12:52:58,1,0,4,1,1,43.0
1029,339,2024-03-10 12:52:34,2024-03-10 12:53:35,3,0,9,3,1,61.0
1030,349,2024-03-10 12:52:58,2024-03-10 12:53:55,1,0,5,1,1,57.0
1031,339,2024-03-10 12:53:35,2024-03-10 12:53:55,4,0,10,3,1,20.0
1032,349,2024-03-10 12:53:55,2024-03-10 12:54:33,1,0,6,1,1,38.0
1033,339,2024-03-10 12:53:55,2024-03-10 12:54:38,4,0,11,3,1,43.0
1034,349,2024-03-10 12:54:33,2024-03-10 12:54:35,3,1,7,2,1,2.0
1035,349,2024-03-10 12:54:38,2024-03-10 12:55:10,4,0,8,3,1,32.0
1036,339,2024-03-10 12:54:38,2024-03-10 12:55:23,3,1,12,4,1,45.0
1037,349,2024-03-10 12:55:10,2024-03-10 12:56:11,3,0,9,3,1,61.0
1038,339,2024-03-10 12:55:23,2024-03-10 12:55:32,5,1,13,4,1,9.0
1039,339,2024-03-10 12:55:32,2024-03-10 12:56:02,6,0,14,5,1,30.0
1040,339,2024-03-10 12:56:02,2024-03-10 12:57:23,6,0,15,5,1,81.0
1041,349,2024-03-10 12:56:11,2024-03-10 12:56:31,4,0,10,3,1,20.0
1042,349,2024-03-10 12:56:31,2024-03-10 12:57:14,4,0,11,3,1,43.0
1043,349,2024-03-10 12:57:14,2024-03-10 12:57:59,3,1,12,4,1,45.0
1044,339,2024-03-10 12:57:23,2024-03-10 12:57:40,6,0,16,5,1,17.0
1045,339,2024-03-10 12:57:40,2024-03-10 12:58:05,2,1,17,6,1,25.0
1046,349,2024-03-10 12:57:59,2024-03-10 12:58:08,5,1,13,4,1,9.0
1047,339,2024-03-10 12:58:05,2024-03-10 12:58:39,8,1,18,6,1,34.0
1048,349,2024-03-10 12:58:08,2024-03-10 12:58:38,6,0,14,5,1,30.0
1049,349,2024-03-10 12:58:38,2024-03-10 12:59:59,6,0,15,5,1,81.0
1050,339,2024-03-10 12:58:39,2024-03-10 12:59:41,3,1,19,6,1,62.0
1051,339,2024-03-10 12:59:41,2024-03-10 12:59:46,5,1,20,6,1,5.0
1052,339,2024-03-10 12:59:46,2024-03-10 12:59:54,-1,-1,21,7,1,8.0
1053,339,2024-03-10 12:59:54,2024-03-10 13:00:04,-1,2,22,8,1,10.0
1054,349,2024-03-10 12:59:59,2024-03-10 13:00:16,6,0,16,5,1,17.0
1055,339,2024-03-10 13:00:04,2024-03-10 13:00:23,0,0,23,0,1,19.0
1056,349,2024-03-10 13:00:16,2024-03-10 13:00:41,2,1,17,6,1,25.0
1057,350,2024-03-10 13:00:23,2024-03-10 13:00:38,0,0,0,0,1,15.0
1058,350,2024-03-10 13:00:38,2024-03-10 13:01:18,1,0,1,1,1,40.0
1059,349,2024-03-10 13:00:41,2024-03-10 13:01:15,8,1,18,6,1,34.0
1060,349,2024-03-10 13:01:15,2024-03-10 13:02:17,3,1,19,6,1,62.0
1061,350,2024-03-10 13:01:18,2024-03-10 13:02:14,1,0,2,1,1,56.0
1062,350,2024-03-10 13:02:14,2024-03-10 13:02:28,1,0,3,1,1,14.0
1063,349,2024-03-10 13:02:17,2024-03-10 13:02:22,5,1,20,6,1,5.0
1064,349,2024-03-10 13:02:22,2024-03-10 13:02:30,-1,-1,21,7,1,8.0
1065,350,2024-03-10 13:02:28,2024-03-10 13:03:11,1,0,4,1,1,43.0
1066,349,2024-03-10 13:02:30,2024-03-10 13:02:40,-1,2,22,8,1,10.0
1067,349,2024-03-10 13:02:40,2024-03-10 13:02:59,0,0,23,0,1,19.0
1068,350,2024-03-10 13:03:11,2024-03-10 13:04:08,1,0,5,1,1,57.0
1069,350,2024-03-10 13:04:08,2024-03-10 13:04:46,1,0,6,1,1,38.0
1070,350,2024-03-10 13:04:46,2024-03-10 13:04:48,3,1,7,2,1,2.0
1071,350,2024-03-10 13:04:48,2024-03-10 13:05:20,4,0,8,3,1,32.0
1072,350,2024-03-10 13:05:20,2024-03-10 13:06:21,3,0,9,3,1,61.0
1073,350,2024-03-10 13:06:21,2024-03-10 13:06:41,4,0,10,3,1,20.0
1074,350,2024-03-10 13:06:41,2024-03-10 13:07:24,4,0,11,3,1,43.0
1075,350,2024-03-10 13:07:24,2024-03-10 13:08:09,3,1,12,4,1,45.0
1076,350,2024-03-10 13:08:09,2024-03-10 13:08:18,5,1,13,4,1,9.0
1077,350,2024-03-10 13:08:18,2024-03-10 13:08:48,6,0,14,5,1,30.0
1078,350,2024-03-10 13:08:48,2024-03-10 13:10:09,6,0,15,5,1,81.0
1079,350,2024-03-10 13:10:09,2024-03-10 13:10:26,6,0,16,5,1,17.0
1080,350,2024-03-10 13:10:26,2024-03-10 13:10:51,2,1,17,6,1,25.0
1081,350,2024-03-10 13:10:51,2024-03-10 13:11:25,8,1,18,6,1,34.0
1082,350,2024-03-10 13:11:25,2024-03-10 13:12:27,3,1,19,6,1,62.0
1083,350,2024-03-10 13:12:27,2024-03-10 13:12:32,5,1,20,6,1,5.0
1084,350,2024-03-10 13:12:32,2024-03-10 13:12:40,-1,-1,21,7,1,8.0
1085,350,2024-03-10 13:12:40,2024-03-10 13:12:50,-1,2,22,8,1,10.0
1086,350,2024-03-10 13:12:50,2024-03-10 13:13:09,0,0,23,0,1,19.0
1087,340,2024-03-10 13:44:00,2024-03-10 13:44:15,0,0,0,0,1,15.0
1088,340,2024-03-10 13:44:15,2024-03-10 13:44:55,1,0,1,1,1,40.0
1089,340,2024-03-10 13:44:55,2024-03-10 13:45:51,1,0,2,1,1,56.0
1090,340,2024-03-10 13:45:51,2024-03-10 13:46:05,1,0,3,1,1,14.0
1091,340,2024-03-10 13:46:05,2024-03-10 13:46:48,1,0,4,1,1,43.0
1092,340,2024-03-10 13:46:48,2024-03-10 13:47:45,1,0,5,1,1,57.0
1093,340,2024-03-10 13:47:45,2024-03-10 13:48:23,1,0,6,1,1,38.0
1094,340,2024-03-10 13:48:23,2024-03-10 13:48:25,3,1,7,2,1,2.0
1095,340,2024-03-10 13:48:25,2024-03-10 13:48:57,4,0,8,3,1,32.0
1096,340,2024-03-10 13:48:57,2024-03-10 13:49:58,3,0,9,3,1,61.0
1097,340,2024-03-10 13:49:58,2024-03-10 13:50:18,4,0,10,3,1,20.0
1098,340,2024-03-10 13:50:18,2024-03-10 13:51:01,4,0,11,3,1,43.0
1099,340,2024-03-10 13:51:01,2024-03-10 13:51:46,3,1,12,4,1,45.0
1100,340,2024-03-10 13:51:46,2024-03-10 13:51:55,5,1,13,4,1,9.0
1101,340,2024-03-10 13:51:55,2024-03-10 13:52:25,6,0,14,5,1,30.0
1102,340,2024-03-10 13:52:25,2024-03-10 13:53:46,6,0,15,5,1,81.0
1103,340,2024-03-10 13:53:46,2024-03-10 13:54:03,6,0,16,5,1,17.0
1104,340,2024-03-10 13:54:03,2024-03-10 13:54:28,2,1,17,6,1,25.0
1105,340,2024-03-10 13:54:28,2024-03-10 13:55:02,8,1,18,6,1,34.0
1106,340,2024-03-10 13:55:02,2024-03-10 13:56:04,3,1,19,6,1,62.0
1107,340,2024-03-10 13:56:04,2024-03-10 13:56:09,5,1,20,6,1,5.0
1108,340,2024-03-10 13:56:09,2024-03-10 13:56:17,-1,-1,21,7,1,8.0
1109,340,2024-03-10 13:56:17,2024-03-10 13:56:27,-1,2,22,8,1,10.0
1110,340,2024-03-10 13:56:27,2024-03-10 13:56:46,0,0,23,0,1,19.0
1111,351,2024-03-13 13:46:00,2024-03-13 13:46:15,0,0,0,0,1,15.0
1112,351,2024-03-13 13:46:15,2024-03-13 13:46:55,1,0,1,1,1,40.0
1113,351,2024-03-13 13:46:55,2024-03-13 13:47:35,1,0,1,1,1,40.0
1114,351,2024-03-13 13:47:35,2024-03-13 13:47:54,0,0,23,0,1,19.0
1115,351,2024-03-13 13:47:54,2024-03-13 13:48:50,1,0,2,1,1,56.0
1116,351,2024-03-13 13:48:50,2024-03-13 13:49:04,1,0,3,1,1,14.0
1117,351,2024-03-13 13:49:04,2024-03-13 13:49:47,1,0,4,1,1,43.0
1118,351,2024-03-13 13:49:47,2024-03-13 13:50:44,1,0,5,1,1,57.0
1119,351,2024-03-13 13:50:44,2024-03-13 13:51:22,1,0,6,1,1,38.0
1120,351,2024-03-13 13:51:22,2024-03-13 13:52:00,1,0,6,1,1,38.0
1121,351,2024-03-13 13:52:00,2024-03-13 13:52:02,3,1,7,2,1,2.0
1122,351,2024-03-13 13:52:02,2024-03-13 13:52:34,4,0,8,3,1,32.0
1123,351,2024-03-13 13:52:34,2024-03-13 13:53:06,4,0,8,3,1,32.0
1124,351,2024-03-13 13:53:06,2024-03-13 13:54:07,3,0,9,3,1,61.0
1125,351,2024-03-13 13:54:07,2024-03-13 13:54:27,4,0,10,3,1,20.0
1126,351,2024-03-13 13:54:27,2024-03-13 13:55:10,4,0,11,3,1,43.0
1127,351,2024-03-13 13:55:10,2024-03-13 13:55:53,4,0,11,3,1,43.0
1128,351,2024-03-13 13:55:53,2024-03-13 13:56:38,3,1,12,4,1,45.0
1129,351,2024-03-13 13:56:38,2024-03-13 13:56:47,5,1,13,4,1,9.0
1130,351,2024-03-13 13:56:47,2024-03-13 13:57:17,6,0,14,5,1,30.0
1131,351,2024-03-13 13:57:17,2024-03-13 13:58:38,6,0,15,5,1,81.0
1132,351,2024-03-13 13:58:38,2024-03-13 13:58:55,6,0,16,5,1,17.0
1133,351,2024-03-13 13:58:55,2024-03-13 13:59:12,6,0,16,5,1,17.0
1134,351,2024-03-13 13:59:12,2024-03-13 13:59:37,2,1,17,6,1,25.0
1135,351,2024-03-13 13:59:37,2024-03-13 14:00:11,8,1,18,6,1,34.0
1136,351,2024-03-13 14:00:11,2024-03-13 14:01:13,3,1,19,6,1,62.0
1137,351,2024-03-13 14:01:13,2024-03-13 14:01:18,5,1,20,6,1,5.0
1138,351,2024-03-13 14:01:18,2024-03-13 14:01:26,-1,-1,21,7,1,8.0
1139,345,2024-03-16 10:25:00,2024-03-16 10:25:15,0,0,0,0,1,15.0
1140,345,2024-03-16 10:25:15,2024-03-16 10:25:34,0,0,23,0,1,19.0
1141,345,2024-03-16 10:25:34,2024-03-16 10:26:14,1,0,1,1,1,40.0
1142,345,2024-03-16 10:26:14,2024-03-16 10:26:54,1,0,1,1,1,40.0
1143,345,2024-03-16 10:26:54,2024-03-16 10:27:50,1,0,2,1,1,56.0
1144,345,2024-03-16 10:27:50,2024-03-16 10:28:04,1,0,3,1,1,14.0
1145,345,2024-03-16 10:28:04,2024-03-16 10:28:47,1,0,4,1,1,43.0
1146,345,2024-03-16 10:28:47,2024-03-16 10:29:44,1,0,5,1,1,57.0
1147,345,2024-03-16 10:29:44,2024-03-16 10:30:22,1,0,6,1,1,38.0
1148,345,2024-03-16 10:30:22,2024-03-16 10:31:00,1,0,6,1,1,38.0
1149,345,2024-03-16 10:31:00,2024-03-16 10:31:02,3,1,7,2,1,2.0
1150,345,2024-03-16 10:31:02,2024-03-16 10:31:34,4,0,8,3,1,32.0
1151,345,2024-03-16 10:31:34,2024-03-16 10:32:06,4,0,8,3,1,32.0
1152,345,2024-03-16 10:32:06,2024-03-16 10:33:07,3,0,9,3,1,61.0
1153,345,2024-03-16 10:33:07,2024-03-16 10:33:27,4,0,10,3,1,20.0
1154,345,2024-03-16 10:33:27,2024-03-16 10:34:10,4,0,11,3,1,43.0
1155,345,2024-03-16 10:34:10,2024-03-16 10:34:53,4,0,11,3,1,43.0
1156,345,2024-03-16 10:34:53,2024-03-16 10:35:38,3,1,12,4,1,45.0
1157,345,2024-03-16 10:35:38,2024-03-16 10:35:47,5,1,13,4,1,9.0
1158,345,2024-03-16 10:35:47,2024-03-16 10:36:17,6,0,14,5,1,30.0
1159,345,2024-03-16 10:36:17,2024-03-16 10:37:38,6,0,15,5,1,81.0
1160,345,2024-03-16 10:37:38,2024-03-16 10:37:55,6,0,16,5,1,17.0
1161,345,2024-03-16 10:37:55,2024-03-16 10:38:12,6,0,16,5,1,17.0
1162,345,2024-03-16 10:38:12,2024-03-16 10:38:37,2,1,17,6,1,25.0
1163,345,2024-03-16 10:38:37,2024-03-16 10:39:11,8,1,18,6,1,34.0
1164,345,2024-03-16 10:39:11,2024-03-16 10:40:13,3,1,19,6,1,62.0
1165,345,2024-03-16 10:40:13,2024-03-16 10:40:18,5,1,20,6,1,5.0
1166,345,2024-03-16 10:40:18,2024-03-16 10:40:26,-1,-1,21,7,1,8.0
1167,342,2024-03-18 10:23:00,2024-03-18 10:23:15,0,0,0,0,1,15.0
1168,342,2024-03-18 10:23:15,2024-03-18 10:23:34,0,0,23,0,1,19.0
1169,342,2024-03-18 10:23:34,2024-03-18 10:24:14,1,0,1,1,1,40.0
1170,342,2024-03-18 10:24:14,2024-03-18 10:24:54,1,0,1,1,1,40.0
1171,342,2024-03-18 10:24:54,2024-03-18 10:25:50,1,0,2,1,1,56.0
1172,342,2024-03-18 10:25:50,2024-03-18 10:26:04,1,0,3,1,1,14.0
1173,342,2024-03-18 10:26:04,2024-03-18 10:26:47,1,0,4,1,1,43.0
1174,342,2024-03-18 10:26:47,2024-03-18 10:27:44,1,0,5,1,1,57.0
1175,342,2024-03-18 10:27:44,2024-03-18 10:28:22,1,0,6,1,1,38.0
1176,342,2024-03-18 10:28:22,2024-03-18 10:29:00,1,0,6,1,1,38.0
1177,342,2024-03-18 10:29:00,2024-03-18 10:29:02,3,1,7,2,1,2.0
1178,342,2024-03-18 10:29:02,2024-03-18 10:29:34,4,0,8,3,1,32.0
1179,342,2024-03-18 10:29:34,2024-03-18 10:30:06,4,0,8,3,1,32.0
1180,342,2024-03-18 10:30:06,2024-03-18 10:31:07,3,0,9,3,1,61.0
1181,342,2024-03-18 10:31:07,2024-03-18 10:31:27,4,0,10,3,1,20.0
1182,342,2024-03-18 10:31:27,2024-03-18 10:32:10,4,0,11,3,1,43.0
1183,342,2024-03-18 10:32:10,2024-03-18 10:32:53,4,0,11,3,1,43.0
1184,342,2024-03-18 10:32:53,2024-03-18 10:33:38,3,1,12,4,1,45.0
1185,342,2024-03-18 10:33:38,2024-03-18 10:33:47,5,1,13,4,1,9.0
1186,342,2024-03-18 10:33:47,2024-03-18 10:34:17,6,0,14,5,1,30.0
1187,342,2024-03-18 10:34:17,2024-03-18 10:35:38,6,0,15,5,1,81.0
1188,342,2024-03-18 10:35:38,2024-03-18 10:35:55,6,0,16,5,1,17.0
1189,342,2024-03-18 10:35:55,2024-03-18 10:36:12,6,0,16,5,1,17.0
1190,342,2024-03-18 10:36:12,2024-03-18 10:36:37,2,1,17,6,1,25.0
1191,342,2024-03-18 10:36:37,2024-03-18 10:37:11,8,1,18,6,1,34.0
1192,342,2024-03-18 10:37:11,2024-03-18 10:38:13,3,1,19,6,1,62.0
1193,342,2024-03-18 10:38:13,2024-03-18 10:38:18,5,1,20,6,1,5.0
1194,342,2024-03-18 10:38:18,2024-03-18 10:38:26,-1,-1,21,7,1,8.0
1195,348,2024-03-18 12:47:00,2024-03-18 12:47:15,0,0,0,0,1,15.0
1196,348,2024-03-18 12:47:15,2024-03-18 12:47:55,1,0,1,1,1,40.0
1197,348,2024-03-18 12:47:55,2024-03-18 12:48:51,1,0,2,1,1,56.0
1198,348,2024-03-18 12:48:51,2024-03-18 12:49:05,1,0,3,1,1,14.0
1199,348,2024-03-18 12:49:05,2024-03-18 12:49:48,1,0,4,1,1,43.0
1200,348,2024-03-18 12:49:48,2024-03-18 12:50:45,1,0,5,1,1,57.0
1201,348,2024-03-18 12:50:45,2024-03-18 12:51:23,1,0,6,1,1,38.0
1202,348,2024-03-18 12:51:23,2024-03-18 12:51:25,3,1,7,2,1,2.0
1203,348,2024-03-18 12:51:25,2024-03-18 12:51:57,4,0,8,3,1,32.0
1204,348,2024-03-18 12:51:57,2024-03-18 12:52:58,3,0,9,3,1,61.0
1205,348,2024-03-18 12:52:58,2024-03-18 12:53:18,4,0,10,3,1,20.0
1206,348,2024-03-18 12:53:18,2024-03-18 12:54:01,4,0,11,3,1,43.0
1207,348,2024-03-18 12:54:01,2024-03-18 12:54:46,3,1,12,4,1,45.0
1208,348,2024-03-18 12:54:46,2024-03-18 12:54:55,5,1,13,4,1,9.0
1209,348,2024-03-18 12:54:55,2024-03-18 12:55:25,6,0,14,5,1,30.0
1210,348,2024-03-18 12:55:25,2024-03-18 12:56:46,6,0,15,5,1,81.0
1211,348,2024-03-18 12:56:46,2024-03-18 12:57:03,6,0,16,5,1,17.0
1212,348,2024-03-18 12:57:03,2024-03-18 12:57:28,2,1,17,6,1,25.0
1213,348,2024-03-18 12:57:28,2024-03-18 12:58:02,8,1,18,6,1,34.0
1214,348,2024-03-18 12:58:02,2024-03-18 12:59:04,3,1,19,6,1,62.0
1215,348,2024-03-18 12:59:04,2024-03-18 12:59:09,5,1,20,6,1,5.0
1216,348,2024-03-18 12:59:09,2024-03-18 12:59:17,-1,-1,21,7,1,8.0
1217,348,2024-03-18 12:59:17,2024-03-18 12:59:27,-1,2,22,8,1,10.0
1218,348,2024-03-18 12:59:27,2024-03-18 12:59:46,0,0,23,0,1,19.0
1219,354,2024-03-18 13:48:00,2024-03-18 13:48:15,0,0,0,0,1,15.0
1220,354,2024-03-18 13:48:15,2024-03-18 13:48:55,1,0,1,1,1,40.0
1221,354,2024-03-18 13:48:55,2024-03-18 13:49:14,0,0,23,0,1,19.0
1222,354,2024-03-18 13:49:14,2024-03-18 13:49:54,1,0,1,1,1,40.0
1223,354,2024-03-18 13:49:54,2024-03-18 13:50:50,1,0,2,1,1,56.0
1224,354,2024-03-18 13:50:50,2024-03-18 13:51:04,1,0,3,1,1,14.0
1225,354,2024-03-18 13:51:04,2024-03-18 13:51:47,1,0,4,1,1,43.0
1226,354,2024-03-18 13:51:47,2024-03-18 13:52:44,1,0,5,1,1,57.0
1227,354,2024-03-18 13:52:44,2024-03-18 13:53:22,1,0,6,1,1,38.0
1228,354,2024-03-18 13:53:22,2024-03-18 13:54:00,1,0,6,1,1,38.0
1229,354,2024-03-18 13:54:00,2024-03-18 13:54:02,3,1,7,2,1,2.0
1230,354,2024-03-18 13:54:02,2024-03-18 13:54:34,4,0,8,3,1,32.0
1231,354,2024-03-18 13:54:34,2024-03-18 13:55:06,4,0,8,3,1,32.0
1232,354,2024-03-18 13:55:06,2024-03-18 13:56:07,3,0,9,3,1,61.0
1233,354,2024-03-18 13:56:07,2024-03-18 13:56:27,4,0,10,3,1,20.0
1234,354,2024-03-18 13:56:27,2024-03-18 13:57:10,4,0,11,3,1,43.0
1235,354,2024-03-18 13:57:10,2024-03-18 13:57:53,4,0,11,3,1,43.0
1236,354,2024-03-18 13:57:53,2024-03-18 13:58:38,3,1,12,4,1,45.0
1237,354,2024-03-18 13:58:38,2024-03-18 13:58:47,5,1,13,4,1,9.0
1238,354,2024-03-18 13:58:47,2024-03-18 13:59:17,6,0,14,5,1,30.0
1239,354,2024-03-18 13:59:17,2024-03-18 14:00:38,6,0,15,5,1,81.0
1240,354,2024-03-18 14:00:38,2024-03-18 14:00:55,6,0,16,5,1,17.0
1241,354,2024-03-18 14:00:55,2024-03-18 14:01:12,6,0,16,5,1,17.0
1242,354,2024-03-18 14:01:12,2024-03-18 14:01:37,2,1,17,6,1,25.0
1243,354,2024-03-18 14:01:37,2024-03-18 14:02:11,8,1,18,6,1,34.0
1244,354,2024-03-18 14:02:11,2024-03-18 14:03:13,3,1,19,6,1,62.0
1245,354,2024-03-18 14:03:13,2024-03-18 14:03:18,5,1,20,6,1,5.0
1246,354,2024-03-18 14:03:18,2024-03-18 14:03:26,-1,-1,21,7,1,8.0
1247,352,2024-03-19 13:47:00,2024-03-19 13:47:15,0,0,0,0,1,15.0
1248,352,2024-03-19 13:47:15,2024-03-19 13:47:55,1,0,1,1,1,40.0
1249,352,2024-03-19 13:47:55,2024-03-19 13:48:35,1,0,1,1,1,40.0
1250,355,2024-03-19 13:48:35,2024-03-19 13:48:50,0,0,0,0,1,15.0
1251,352,2024-03-19 13:48:35,2024-03-19 13:49:31,1,0,2,1,1,56.0
1252,355,2024-03-19 13:49:31,2024-03-19 13:50:11,1,0,1,1,1,40.0
1253,352,2024-03-19 13:50:12,2024-03-19 13:50:26,1,0,3,1,1,14.0
1254,355,2024-03-19 13:50:26,2024-03-19 13:51:06,1,0,1,1,1,40.0
1255,352,2024-03-19 13:51:07,2024-03-19 13:51:50,1,0,4,1,1,43.0
1256,355,2024-03-19 13:51:50,2024-03-19 13:52:46,1,0,2,1,1,56.0
1257,352,2024-03-19 13:52:46,2024-03-19 13:53:43,1,0,5,1,1,57.0
1258,355,2024-03-19 13:52:46,2024-03-19 13:53:05,0,0,23,0,1,19.0
1259,352,2024-03-19 13:53:43,2024-03-19 13:54:21,1,0,6,1,1,38.0
1260,352,2024-03-19 13:54:21,2024-03-19 13:54:40,0,0,23,0,1,19.0
1261,355,2024-03-19 13:54:22,2024-03-19 13:54:36,1,0,3,1,1,14.0
1262,355,2024-03-19 13:54:36,2024-03-19 13:55:19,1,0,4,1,1,43.0
1263,352,2024-03-19 13:55:19,2024-03-19 13:55:57,1,0,6,1,1,38.0
1264,352,2024-03-19 13:55:57,2024-03-19 13:55:59,3,1,7,2,1,2.0
1265,355,2024-03-19 13:55:58,2024-03-19 13:56:55,1,0,5,1,1,57.0
1266,352,2024-03-19 13:55:59,2024-03-19 13:56:31,4,0,8,3,1,32.0
1267,352,2024-03-19 13:56:31,2024-03-19 13:57:03,4,0,8,3,1,32.0
1268,355,2024-03-19 13:56:55,2024-03-19 13:57:33,1,0,6,1,1,38.0
1269,352,2024-03-19 13:57:03,2024-03-19 13:58:04,3,0,9,3,1,61.0
1270,355,2024-03-19 13:57:33,2024-03-19 13:58:11,1,0,6,1,1,38.0
1271,355,2024-03-19 13:58:11,2024-03-19 13:58:13,3,1,7,2,1,2.0
1272,355,2024-03-19 13:58:13,2024-03-19 13:58:45,4,0,8,3,1,32.0
1273,352,2024-03-19 13:58:45,2024-03-19 13:59:05,4,0,10,3,1,20.0
1274,355,2024-03-19 13:59:05,2024-03-19 13:59:37,4,0,8,3,1,32.0
1275,352,2024-03-19 13:59:37,2024-03-19 14:00:20,4,0,11,3,1,43.0
1276,355,2024-03-19 14:00:20,2024-03-19 14:01:21,3,0,9,3,1,61.0
1277,352,2024-03-19 14:01:22,2024-03-19 14:02:05,4,0,11,3,1,43.0
1278,355,2024-03-19 14:02:05,2024-03-19 14:02:25,4,0,10,3,1,20.0
1279,352,2024-03-19 14:02:05,2024-03-19 14:02:50,3,1,12,4,1,45.0
1280,355,2024-03-19 14:02:25,2024-03-19 14:03:08,4,0,11,3,1,43.0
1281,352,2024-03-19 14:02:50,2024-03-19 14:02:59,5,1,13,4,1,9.0
1282,352,2024-03-19 14:02:59,2024-03-19 14:03:29,6,0,14,5,1,30.0
1283,355,2024-03-19 14:03:08,2024-03-19 14:03:51,4,0,11,3,1,43.0
1284,352,2024-03-19 14:03:29,2024-03-19 14:04:50,6,0,15,5,1,81.0
1285,355,2024-03-19 14:03:51,2024-03-19 14:04:36,3,1,12,4,1,45.0
1286,355,2024-03-19 14:04:36,2024-03-19 14:04:45,5,1,13,4,1,9.0
1287,352,2024-03-19 14:04:50,2024-03-19 14:05:07,6,0,16,5,1,17.0
1288,355,2024-03-19 14:05:07,2024-03-19 14:05:37,6,0,14,5,1,30.0
1289,352,2024-03-19 14:05:37,2024-03-19 14:05:54,6,0,16,5,1,17.0
1290,355,2024-03-19 14:05:54,2024-03-19 14:07:15,6,0,15,5,1,81.0
1291,352,2024-03-19 14:05:54,2024-03-19 14:06:19,2,1,17,6,1,25.0
1292,352,2024-03-19 14:06:19,2024-03-19 14:06:53,8,1,18,6,1,34.0
1293,352,2024-03-19 14:06:53,2024-03-19 14:07:55,3,1,19,6,1,62.0
1294,355,2024-03-19 14:07:15,2024-03-19 14:07:32,6,0,16,5,1,17.0
1295,355,2024-03-19 14:07:32,2024-03-19 14:07:49,6,0,16,5,1,17.0
1296,355,2024-03-19 14:07:56,2024-03-19 14:08:21,2,1,17,6,1,25.0
1297,352,2024-03-19 14:08:21,2024-03-19 14:08:26,5,1,20,6,1,5.0
1298,352,2024-03-19 14:08:26,2024-03-19 14:08:34,-1,-1,21,7,1,8.0
1299,355,2024-03-19 14:08:27,2024-03-19 14:09:01,8,1,18,6,1,34.0
1300,355,2024-03-19 14:09:01,2024-03-19 14:10:03,3,1,19,6,1,62.0
1301,355,2024-03-19 14:10:03,2024-03-19 14:10:08,5,1,20,6,1,5.0
1302,355,2024-03-19 14:10:08,2024-03-19 14:10:16,-1,-1,21,7,1,8.0
1303,343,2024-03-21 10:24:00,2024-03-21 10:24:15,0,0,0,0,1,15.0
1304,343,2024-03-21 10:24:15,2024-03-21 10:24:55,1,0,1,1,1,40.0
1305,343,2024-03-21 10:24:55,2024-03-21 10:25:35,1,0,1,1,1,40.0
1306,343,2024-03-21 10:25:35,2024-03-21 10:26:31,1,0,2,1,1,56.0
1307,343,2024-03-21 10:26:31,2024-03-21 10:26:50,0,0,23,0,1,19.0
1308,343,2024-03-21 10:26:50,2024-03-21 10:27:04,1,0,3,1,1,14.0
1309,343,2024-03-21 10:27:04,2024-03-21 10:27:47,1,0,4,1,1,43.0
1310,343,2024-03-21 10:27:47,2024-03-21 10:28:44,1,0,5,1,1,57.0
1311,343,2024-03-21 10:28:44,2024-03-21 10:29:22,1,0,6,1,1,38.0
1312,343,2024-03-21 10:29:22,2024-03-21 10:30:00,1,0,6,1,1,38.0
1313,343,2024-03-21 10:30:00,2024-03-21 10:30:02,3,1,7,2,1,2.0
1314,343,2024-03-21 10:30:02,2024-03-21 10:30:34,4,0,8,3,1,32.0
1315,343,2024-03-21 10:30:34,2024-03-21 10:31:06,4,0,8,3,1,32.0
1316,343,2024-03-21 10:31:06,2024-03-21 10:32:07,3,0,9,3,1,61.0
1317,343,2024-03-21 10:32:07,2024-03-21 10:32:27,4,0,10,3,1,20.0
1318,343,2024-03-21 10:32:27,2024-03-21 10:33:10,4,0,11,3,1,43.0
1319,343,2024-03-21 10:33:10,2024-03-21 10:33:53,4,0,11,3,1,43.0
1320,343,2024-03-21 10:33:53,2024-03-21 10:34:38,3,1,12,4,1,45.0
1321,343,2024-03-21 10:34:38,2024-03-21 10:34:47,5,1,13,4,1,9.0
1322,343,2024-03-21 10:34:47,2024-03-21 10:35:17,6,0,14,5,1,30.0
1323,343,2024-03-21 10:35:17,2024-03-21 10:36:38,6,0,15,5,1,81.0
1324,343,2024-03-21 10:36:38,2024-03-21 10:36:55,6,0,16,5,1,17.0
1325,343,2024-03-21 10:36:55,2024-03-21 10:37:12,6,0,16,5,1,17.0
1326,343,2024-03-21 10:37:12,2024-03-21 10:37:37,2,1,17,6,1,25.0
1327,343,2024-03-21 10:37:37,2024-03-21 10:38:11,8,1,18,6,1,34.0
1328,343,2024-03-21 10:38:11,2024-03-21 10:39:13,3,1,19,6,1,62.0
1329,343,2024-03-21 10:39:13,2024-03-21 10:39:18,5,1,20,6,1,5.0
1330,343,2024-03-21 10:39:18,2024-03-21 10:39:26,-1,-1,21,7,1,8.0
1331,346,2024-03-21 12:46:00,2024-03-21 12:46:15,0,0,0,0,1,15.0
1332,346,2024-03-21 12:46:15,2024-03-21 12:46:55,1,0,1,1,1,40.0
1333,346,2024-03-21 12:46:55,2024-03-21 12:47:51,1,0,2,1,1,56.0
1334,346,2024-03-21 12:47:51,2024-03-21 12:48:05,1,0,3,1,1,14.0
1335,346,2024-03-21 12:48:05,2024-03-21 12:48:48,1,0,4,1,1,43.0
1336,346,2024-03-21 12:48:48,2024-03-21 12:49:45,1,0,5,1,1,57.0
1337,346,2024-03-21 12:49:45,2024-03-21 12:50:23,1,0,6,1,1,38.0
1338,346,2024-03-21 12:50:23,2024-03-21 12:50:25,3,1,7,2,1,2.0
1339,346,2024-03-21 12:50:25,2024-03-21 12:50:57,4,0,8,3,1,32.0
1340,346,2024-03-21 12:50:57,2024-03-21 12:51:58,3,0,9,3,1,61.0
1341,346,2024-03-21 12:51:58,2024-03-21 12:52:18,4,0,10,3,1,20.0
1342,346,2024-03-21 12:52:18,2024-03-21 12:53:01,4,0,11,3,1,43.0
1343,346,2024-03-21 12:53:01,2024-03-21 12:53:46,3,1,12,4,1,45.0
1344,346,2024-03-21 12:53:46,2024-03-21 12:53:55,5,1,13,4,1,9.0
1345,346,2024-03-21 12:53:55,2024-03-21 12:54:25,6,0,14,5,1,30.0
1346,346,2024-03-21 12:54:25,2024-03-21 12:55:46,6,0,15,5,1,81.0
1347,346,2024-03-21 12:55:46,2024-03-21 12:56:03,6,0,16,5,1,17.0
1348,346,2024-03-21 12:56:03,2024-03-21 12:56:28,2,1,17,6,1,25.0
1349,346,2024-03-21 12:56:28,2024-03-21 12:57:02,8,1,18,6,1,34.0
1350,346,2024-03-21 12:57:02,2024-03-21 12:58:04,3,1,19,6,1,62.0
1351,346,2024-03-21 12:58:04,2024-03-21 12:58:09,5,1,20,6,1,5.0
1352,346,2024-03-21 12:58:09,2024-03-21 12:58:17,-1,-1,21,7,1,8.0
1353,346,2024-03-21 12:58:17,2024-03-21 12:58:27,-1,2,22,8,1,10.0
1354,346,2024-03-21 12:58:27,2024-03-21 12:58:46,0,0,23,0,1,19.0
1355,353,2024-03-24 13:47:00,2024-03-24 13:47:15,0,0,0,0,1,15.0
1356,353,2024-03-24 13:47:15,2024-03-24 13:47:34,0,0,23,0,1,19.0
1357,353,2024-03-24 13:47:34,2024-03-24 13:48:14,1,0,1,1,1,40.0
1358,353,2024-03-24 13:48:14,2024-03-24 13:48:54,1,0,1,1,1,40.0
1359,353,2024-03-24 13:48:54,2024-03-24 13:49:50,1,0,2,1,1,56.0
1360,353,2024-03-24 13:49:50,2024-03-24 13:50:04,1,0,3,1,1,14.0
1361,353,2024-03-24 13:50:04,2024-03-24 13:50:47,1,0,4,1,1,43.0
1362,353,2024-03-24 13:50:47,2024-03-24 13:51:44,1,0,5,1,1,57.0
1363,353,2024-03-24 13:51:44,2024-03-24 13:52:22,1,0,6,1,1,38.0
1364,353,2024-03-24 13:52:22,2024-03-24 13:53:00,1,0,6,1,1,38.0
1365,353,2024-03-24 13:53:00,2024-03-24 13:53:02,3,1,7,2,1,2.0
1366,353,2024-03-24 13:53:02,2024-03-24 13:53:34,4,0,8,3,1,32.0
1367,353,2024-03-24 13:53:34,2024-03-24 13:54:06,4,0,8,3,1,32.0
1368,353,2024-03-24 13:54:06,2024-03-24 13:55:07,3,0,9,3,1,61.0
1369,353,2024-03-24 13:55:07,2024-03-24 13:55:27,4,0,10,3,1,20.0
1370,353,2024-03-24 13:55:27,2024-03-24 13:56:10,4,0,11,3,1,43.0
1371,353,2024-03-24 13:56:10,2024-03-24 13:56:53,4,0,11,3,1,43.0
1372,353,2024-03-24 13:56:53,2024-03-24 13:57:38,3,1,12,4,1,45.0
1373,353,2024-03-24 13:57:38,2024-03-24 13:57:47,5,1,13,4,1,9.0
1374,353,2024-03-24 13:57:47,2024-03-24 13:58:17,6,0,14,5,1,30.0
1375,353,2024-03-24 13:58:17,2024-03-24 13:59:38,6,0,15,5,1,81.0
1376,353,2024-03-24 13:59:38,2024-03-24 13:59:55,6,0,16,5,1,17.0
1377,353,2024-03-24 13:59:55,2024-03-24 14:00:12,6,0,16,5,1,17.0
1378,353,2024-03-24 14:00:12,2024-03-24 14:00:37,2,1,17,6,1,25.0
1379,353,2024-03-24 14:00:37,2024-03-24 14:01:11,8,1,18,6,1,34.0
1380,353,2024-03-24 14:01:11,2024-03-24 14:02:13,3,1,19,6,1,62.0
1381,353,2024-03-24 14:02:13,2024-03-24 14:02:18,5,1,20,6,1,5.0
1382,353,2024-03-24 14:02:18,2024-03-24 14:02:26,-1,-1,21,7,1,8.0
1383,341,2024-03-25 10:23:00,2024-03-25 10:23:15,0,0,0,0,1,15.0
1384,341,2024-03-25 10:23:15,2024-03-25 10:23:55,1,0,1,1,1,40.0
1385,341,2024-03-25 10:23:55,2024-03-25 10:24:35,1,0,1,1,1,40.0
1386,341,2024-03-25 10:24:35,2024-03-25 10:24:54,0,0,23,0,1,19.0
1387,341,2024-03-25 10:24:54,2024-03-25 10:25:50,1,0,2,1,1,56.0
1388,341,2024-03-25 10:25:50,2024-03-25 10:26:04,1,0,3,1,1,14.0
1389,341,2024-03-25 10:26:04,2024-03-25 10:26:47,1,0,4,1,1,43.0
1390,341,2024-03-25 10:26:47,2024-03-25 10:27:44,1,0,5,1,1,57.0
1391,341,2024-03-25 10:27:44,2024-03-25 10:28:22,1,0,6,1,1,38.0
1392,341,2024-03-25 10:28:22,2024-03-25 10:29:00,1,0,6,1,1,38.0
1393,341,2024-03-25 10:29:00,2024-03-25 10:29:02,3,1,7,2,1,2.0
1394,341,2024-03-25 10:29:02,2024-03-25 10:29:34,4,0,8,3,1,32.0
1395,341,2024-03-25 10:29:34,2024-03-25 10:30:06,4,0,8,3,1,32.0
1396,341,2024-03-25 10:30:06,2024-03-25 10:31:07,3,0,9,3,1,61.0
1397,341,2024-03-25 10:31:07,2024-03-25 10:31:27,4,0,10,3,1,20.0
1398,341,2024-03-25 10:31:27,2024-03-25 10:32:10,4,0,11,3,1,43.0
1399,341,2024-03-25 10:32:10,2024-03-25 10:32:53,4,0,11,3,1,43.0
1400,341,2024-03-25 10:32:53,2024-03-25 10:33:38,3,1,12,4,1,45.0
1401,341,2024-03-25 10:33:38,2024-03-25 10:33:47,5,1,13,4,1,9.0
1402,341,2024-03-25 10:33:47,2024-03-25 10:34:17,6,0,14,5,1,30.0
1403,341,2024-03-25 10:34:17,2024-03-25 10:35:38,6,0,15,5,1,81.0
1404,341,2024-03-25 10:35:38,2024-03-25 10:35:55,6,0,16,5,1,17.0
1405,341,2024-03-25 10:35:55,2024-03-25 10:36:12,6,0,16,5,1,17.0
1406,341,2024-03-25 10:36:12,2024-03-25 10:36:37,2,1,17,6,1,25.0
1407,341,2024-03-25 10:36:37,2024-03-25 10:37:11,8,1,18,6,1,34.0
1408,341,2024-03-25 10:37:11,2024-03-25 10:38:13,3,1,19,6,1,62.0
1409,341,2024-03-25 10:38:13,2024-03-25 10:38:18,5,1,20,6,1,5.0
1410,341,2024-03-25 10:38:18,2024-03-25 10:38:26,-1,-1,21,7,1,8.0
1411,347,2024-03-27 12:46:00,2024-03-27 12:46:15,0,0,0,0,1,15.0
1412,347,2024-03-27 12:46:15,2024-03-27 12:46:55,1,0,1,1,1,40.0
1413,347,2024-03-27 12:46:55,2024-03-27 12:47:51,1,0,2,1,1,56.0
1414,347,2024-03-27 12:47:51,2024-03-27 12:48:05,1,0,3,1,1,14.0
1415,347,2024-03-27 12:48:05,2024-03-27 12:48:48,1,0,4,1,1,43.0
1416,347,2024-03-27 12:48:48,2024-03-27 12:49:45,1,0,5,1,1,57.0
1417,347,2024-03-27 12:49:45,2024-03-27 12:50:23,1,0,6,1,1,38.0
1418,347,2024-03-27 12:50:23,2024-03-27 12:50:25,3,1,7,2,1,2.0
1419,347,2024-03-27 12:50:25,2024-03-27 12:50:57,4,0,8,3,1,32.0
1420,347,2024-03-27 12:50:57,2024-03-27 12:51:58,3,0,9,3,1,61.0
1421,347,2024-03-27 12:51:58,2024-03-27 12:52:18,4,0,10,3,1,20.0
1422,347,2024-03-27 12:52:18,2024-03-27 12:53:01,4,0,11,3,1,43.0
1423,347,2024-03-27 12:53:01,2024-03-27 12:53:46,3,1,12,4,1,45.0
1424,347,2024-03-27 12:53:46,2024-03-27 12:53:55,5,1,13,4,1,9.0
1425,347,2024-03-27 12:53:55,2024-03-27 12:54:25,6,0,14,5,1,30.0
1426,347,2024-03-27 12:54:25,2024-03-27 12:55:46,6,0,15,5,1,81.0
1427,347,2024-03-27 12:55:46,2024-03-27 12:56:03,6,0,16,5,1,17.0
1428,347,2024-03-27 12:56:03,2024-03-27 12:56:28,2,1,17,6,1,25.0
1429,347,2024-03-27 12:56:28,2024-03-27 12:57:02,8,1,18,6,1,34.0
1430,347,2024-03-27 12:57:02,2024-03-27 12:58:04,3,1,19,6,1,62.0
1431,347,2024-03-27 12:58:04,2024-03-27 12:58:09,5,1,20,6,1,5.0
1432,347,2024-03-27 12:58:09,2024-03-27 12:58:17,-1,-1,21,7,1,8.0
1433,347,2024-03-27 12:58:17,2024-03-27 12:58:27,-1,2,22,8,1,10.0
1434,347,2024-03-27 12:58:27,2024-03-27 12:58:46,0,0,23,0,1,19.0
1435,356,2024-04-04 14:42:00,2024-04-04 14:42:15,0,0,0,0,1,15.0
1436,356,2024-04-04 14:42:15,2024-04-04 14:42:55,1,0,1,1,1,40.0
1437,356,2024-04-04 14:42:55,2024-04-04 14:43:51,1,0,2,1,1,56.0
1438,356,2024-04-04 14:43:51,2024-04-04 14:44:05,1,0,3,1,1,14.0
1439,356,2024-04-04 14:44:05,2024-04-04 14:44:48,1,0,4,1,1,43.0
1440,356,2024-04-04 14:44:48,2024-04-04 14:45:45,1,0,5,1,1,57.0
1441,356,2024-04-04 14:45:45,2024-04-04 14:46:23,1,0,6,1,1,38.0
1442,356,2024-04-04 14:46:23,2024-04-04 14:46:25,3,1,7,2,1,2.0
1443,356,2024-04-04 14:46:25,2024-04-04 14:46:57,4,0,8,3,1,32.0
1444,356,2024-04-04 14:46:57,2024-04-04 14:47:58,3,0,9,3,1,61.0
1445,356,2024-04-04 14:47:58,2024-04-04 14:48:18,4,0,10,3,1,20.0
1446,356,2024-04-04 14:48:18,2024-04-04 14:49:01,4,0,11,3,1,43.0
1447,356,2024-04-04 14:49:01,2024-04-04 14:49:46,3,1,12,4,1,45.0
1448,356,2024-04-04 14:49:46,2024-04-04 14:49:55,5,1,13,4,1,9.0
1449,356,2024-04-04 14:49:55,2024-04-04 14:50:25,6,0,14,5,1,30.0
1450,356,2024-04-04 14:50:25,2024-04-04 14:51:46,6,0,15,5,1,81.0
1451,356,2024-04-04 14:51:46,2024-04-04 14:52:03,6,0,16,5,1,17.0
1452,356,2024-04-04 14:52:03,2024-04-04 14:52:28,2,1,17,6,1,25.0
1453,356,2024-04-04 14:52:28,2024-04-04 14:53:02,8,1,18,6,1,34.0
1454,356,2024-04-04 14:53:02,2024-04-04 14:54:04,3,1,19,6,1,62.0
1455,356,2024-04-04 14:54:04,2024-04-04 14:54:09,5,1,20,6,1,5.0
1456,356,2024-04-04 14:54:09,2024-04-04 14:54:17,-1,-1,21,7,1,8.0
1457,356,2024-04-04 14:54:17,2024-04-04 14:54:27,-1,2,22,8,1,10.0
1458,356,2024-04-04 14:54:27,2024-04-04 14:54:46,0,0,23,0,1,19.0
1459,357,2024-04-14 09:36:00,2024-04-14 09:36:15,0,0,0,0,1,15.0
1460,357,2024-04-14 09:36:15,2024-04-14 09:36:55,1,0,1,1,1,40.0
1461,357,2024-04-14 09:36:55,2024-04-14 09:37:51,1,0,2,1,1,56.0
1462,357,2024-04-14 09:37:51,2024-04-14 09:38:05,1,0,3,1,1,14.0
1463,357,2024-04-14 09:38:05,2024-04-14 09:38:48,1,0,4,1,1,43.0
1464,357,2024-04-14 09:38:48,2024-04-14 09:39:45,1,0,5,1,1,57.0
1465,357,2024-04-14 09:39:45,2024-04-14 09:40:23,1,0,6,1,1,38.0
1466,357,2024-04-14 09:40:23,2024-04-14 09:40:25,3,1,7,2,1,2.0
1467,357,2024-04-14 09:40:25,2024-04-14 09:40:57,4,0,8,3,1,32.0
1468,357,2024-04-14 09:40:57,2024-04-14 09:41:58,3,0,9,3,1,61.0
1469,357,2024-04-14 09:41:58,2024-04-14 09:42:18,4,0,10,3,1,20.0
1470,357,2024-04-14 09:42:18,2024-04-14 09:43:01,4,0,11,3,1,43.0
1471,357,2024-04-14 09:43:01,2024-04-14 09:43:46,3,1,12,4,1,45.0
1472,357,2024-04-14 09:43:46,2024-04-14 09:43:55,5,1,13,4,1,9.0
1473,357,2024-04-14 09:43:55,2024-04-14 09:44:25,6,0,14,5,1,30.0
1474,357,2024-04-14 09:44:25,2024-04-14 09:45:46,6,0,15,5,1,81.0
1475,357,2024-04-14 09:45:46,2024-04-14 09:46:03,6,0,16,5,1,17.0
1476,357,2024-04-14 09:46:03,2024-04-14 09:46:28,2,1,17,6,1,25.0
1477,357,2024-04-14 09:46:28,2024-04-14 09:47:02,8,1,18,6,1,34.0
1478,357,2024-04-14 09:47:02,2024-04-14 09:48:04,3,1,19,6,1,62.0
1479,357,2024-04-14 09:48:04,2024-04-14 09:48:09,5,1,20,6,1,5.0
1480,357,2024-04-14 09:48:09,2024-04-14 09:48:17,-1,-1,21,7,1,8.0
1481,357,2024-04-14 09:48:17,2024-04-14 09:48:27,-1,2,22,8,1,10.0
1482,357,2024-04-14 09:48:27,2024-04-14 09:48:46,0,0,23,0,1,19.0
1483,358,2024-05-02 15:25:00,2024-05-02 15:25:15,0,0,0,0,1,15.0
1484,358,2024-05-02 15:25:15,2024-05-02 15:25:55,1,0,1,1,1,40.0
1485,358,2024-05-02 15:25:55,2024-05-02 15:26:51,1,0,2,1,1,56.0
1486,358,2024-05-02 15:26:51,2024-05-02 15:27:05,1,0,3,1,1,14.0
1487,358,2024-05-02 15:27:05,2024-05-02 15:27:48,1,0,4,1,1,43.0
1488,358,2024-05-02 15:27:48,2024-05-02 15:28:45,1,0,5,1,1,57.0
1489,358,2024-05-02 15:28:45,2024-05-02 15:29:23,1,0,6,1,1,38.0
1490,358,2024-05-02 15:29:23,2024-05-02 15:29:25,3,1,7,2,1,2.0
1491,358,2024-05-02 15:29:25,2024-05-02 15:29:57,4,0,8,3,1,32.0
1492,358,2024-05-02 15:29:57,2024-05-02 15:30:58,3,0,9,3,1,61.0
1493,358,2024-05-02 15:30:58,2024-05-02 15:31:18,4,0,10,3,1,20.0
1494,358,2024-05-02 15:31:18,2024-05-02 15:32:01,4,0,11,3,1,43.0
1495,358,2024-05-02 15:32:01,2024-05-02 15:32:46,3,1,12,4,1,45.0
1496,358,2024-05-02 15:32:46,2024-05-02 15:32:55,5,1,13,4,1,9.0
1497,358,2024-05-02 15:32:55,2024-05-02 15:33:25,6,0,14,5,1,30.0
1498,358,2024-05-02 15:33:25,2024-05-02 15:34:46,6,0,15,5,1,81.0
1499,358,2024-05-02 15:34:46,2024-05-02 15:35:03,6,0,16,5,1,17.0
1500,358,2024-05-02 15:35:03,2024-05-02 15:35:28,2,1,17,6,1,25.0
1501,358,2024-05-02 15:35:28,2024-05-02 15:36:02,8,1,18,6,1,34.0
1502,358,2024-05-02 15:36:02,2024-05-02 15:37:04,3,1,19,6,1,62.0
1503,358,2024-05-02 15:37:04,2024-05-02 15:37:09,5,1,20,6,1,5.0
1504,358,2024-05-02 15:37:09,2024-05-02 15:37:17,-1,-1,21,7,1,8.0
1505,358,2024-05-02 15:37:17,2024-05-02 15:37:27,-1,2,22,8,1,10.0
1506,358,2024-05-02 15:37:27,2024-05-02 15:37:46,0,0,23,0,1,19.0
