process_execution_id,order_id,start_time,end_time,part_id,process_type,process_id,resource_id,is_valid
0,299,2025-02-20 10:28:17,2025-02-20 10:28:32,0,0,0,0,1
1,298,2025-02-20 10:28:32,2025-02-20 10:28:47,0,0,0,0,1
2,299,2025-02-20 10:28:32,2025-02-20 10:29:12,1,0,1,1,1
3,298,2025-02-20 10:29:13,2025-02-20 10:29:53,1,0,1,1,1
4,299,2025-02-20 10:29:54,2025-02-20 10:30:50,2,0,2,1,1
5,298,2025-02-20 10:30:50,2025-02-20 10:31:46,2,0,2,1,1
6,299,2025-02-20 10:31:46,2025-02-20 10:32:00,2,0,3,1,1
7,298,2025-02-20 10:32:00,2025-02-20 10:32:14,2,0,3,1,1
8,299,2025-02-20 10:32:14,2025-02-20 10:32:57,2,0,4,1,1
9,298,2025-02-20 10:32:57,2025-02-20 10:33:40,2,0,4,1,1
10,299,2025-02-20 10:33:40,2025-02-20 10:34:37,2,0,5,1,1
11,298,2025-02-20 10:34:37,2025-02-20 10:35:34,2,0,5,1,1
12,299,2025-02-20 10:35:34,2025-02-20 10:36:12,2,0,6,1,1
13,299,2025-02-20 10:36:12,2025-02-20 10:36:14,3,1,7,2,1
14,298,2025-02-20 10:36:13,2025-02-20 10:36:51,2,0,6,1,1
15,299,2025-02-20 10:36:14,2025-02-20 10:36:46,1,0,8,3,1
16,298,2025-02-20 10:36:51,2025-02-20 10:36:53,3,1,7,2,1
17,298,2025-02-20 10:36:53,2025-02-20 10:37:25,1,0,8,3,1
18,299,2025-02-20 10:37:25,2025-02-20 10:38:26,3,0,9,3,1
19,298,2025-02-20 10:38:27,2025-02-20 10:39:28,3,0,9,3,1
20,299,2025-02-20 10:39:29,2025-02-20 10:39:49,4,0,10,3,1
21,298,2025-02-20 10:39:49,2025-02-20 10:40:09,4,0,10,3,1
22,299,2025-02-20 10:40:09,2025-02-20 10:40:52,5,0,11,3,1
23,298,2025-02-20 10:40:52,2025-02-20 10:41:35,5,0,11,3,1
24,299,2025-02-20 10:40:52,2025-02-20 10:41:37,3,1,12,4,1
25,298,2025-02-20 10:41:37,2025-02-20 10:42:22,3,1,12,4,1
26,299,2025-02-20 10:42:22,2025-02-20 10:42:31,4,1,13,4,1
27,299,2025-02-20 10:42:31,2025-02-20 10:43:01,1,0,14,5,1
28,298,2025-02-20 10:42:32,2025-02-20 10:42:41,4,1,13,4,1
29,298,2025-02-20 10:43:01,2025-02-20 10:43:31,1,0,14,5,1
30,299,2025-02-20 10:43:31,2025-02-20 10:44:52,1,0,15,5,1
31,298,2025-02-20 10:44:52,2025-02-20 10:46:13,1,0,15,5,1
32,299,2025-02-20 10:46:13,2025-02-20 10:46:30,6,0,16,5,1
33,298,2025-02-20 10:46:30,2025-02-20 10:46:47,6,0,16,5,1
34,299,2025-02-20 10:46:30,2025-02-20 10:46:55,7,1,17,6,1
35,298,2025-02-20 10:46:55,2025-02-20 10:47:20,7,1,17,6,1
36,299,2025-02-20 10:47:20,2025-02-20 10:47:54,8,1,18,6,1
37,298,2025-02-20 10:47:55,2025-02-20 10:48:29,8,1,18,6,1
38,299,2025-02-20 10:48:30,2025-02-20 10:49:32,3,1,19,6,1
39,298,2025-02-20 10:49:33,2025-02-20 10:50:35,3,1,19,6,1
40,299,2025-02-20 10:50:36,2025-02-20 10:50:41,4,1,20,6,1
41,299,2025-02-20 10:50:41,2025-02-20 10:50:49,-1,-1,21,7,1
42,298,2025-02-20 10:50:42,2025-02-20 10:50:47,4,1,20,6,1
43,299,2025-02-20 10:50:49,2025-02-20 10:50:59,-1,2,22,8,1
44,298,2025-02-20 10:50:50,2025-02-20 10:50:58,-1,-1,21,7,1
45,298,2025-02-20 10:50:59,2025-02-20 10:51:09,-1,2,22,8,1
46,299,2025-02-20 10:50:59,2025-02-20 10:51:18,0,0,23,0,1
47,298,2025-02-20 10:51:18,2025-02-20 10:51:37,0,0,23,0,1
48,304,2025-02-20 10:51:37,2025-02-20 10:51:52,0,0,0,0,1
49,297,2025-02-20 10:51:52,2025-02-20 10:52:07,0,0,0,0,1
50,304,2025-02-20 10:52:07,2025-02-20 10:52:26,0,0,23,0,1
51,297,2025-02-20 10:52:07,2025-02-20 10:52:47,1,0,1,1,1
52,304,2025-02-20 10:52:48,2025-02-20 10:53:28,1,0,1,1,1
53,297,2025-02-20 10:53:29,2025-02-20 10:54:25,2,0,2,1,1
54,304,2025-02-20 10:54:25,2025-02-20 10:55:05,1,0,1,1,1
55,297,2025-02-20 10:55:06,2025-02-20 10:55:20,2,0,3,1,1
56,304,2025-02-20 10:55:20,2025-02-20 10:56:16,2,0,2,1,1
57,297,2025-02-20 10:56:16,2025-02-20 10:56:59,2,0,4,1,1
58,304,2025-02-20 10:56:59,2025-02-20 10:57:13,2,0,3,1,1
59,297,2025-02-20 10:57:13,2025-02-20 10:58:10,2,0,5,1,1
60,304,2025-02-20 10:58:10,2025-02-20 10:58:53,2,0,4,1,1
61,297,2025-02-20 10:58:53,2025-02-20 10:59:31,2,0,6,1,1
62,297,2025-02-20 10:59:31,2025-02-20 10:59:33,3,1,7,2,1
63,304,2025-02-20 10:59:32,2025-02-20 11:00:29,2,0,5,1,1
64,297,2025-02-20 10:59:33,2025-02-20 11:00:05,1,0,8,3,1
65,297,2025-02-20 11:00:05,2025-02-20 11:01:06,3,0,9,3,1
66,304,2025-02-20 11:00:29,2025-02-20 11:01:07,2,0,6,1,1
67,297,2025-02-20 11:01:06,2025-02-20 11:01:26,4,0,10,3,1
68,304,2025-02-20 11:01:07,2025-02-20 11:01:45,2,0,6,1,1
69,304,2025-02-20 11:01:45,2025-02-20 11:01:47,3,1,7,2,1
70,304,2025-02-20 11:01:47,2025-02-20 11:02:19,1,0,8,3,1
71,297,2025-02-20 11:02:19,2025-02-20 11:03:02,5,0,11,3,1
72,304,2025-02-20 11:03:02,2025-02-20 11:03:34,1,0,8,3,1
73,297,2025-02-20 11:03:02,2025-02-20 11:03:47,3,1,12,4,1
74,304,2025-02-20 11:03:34,2025-02-20 11:04:35,3,0,9,3,1
75,297,2025-02-20 11:03:47,2025-02-20 11:03:56,4,1,13,4,1
76,297,2025-02-20 11:03:56,2025-02-20 11:04:26,1,0,14,5,1
77,297,2025-02-20 11:04:26,2025-02-20 11:05:47,1,0,15,5,1
78,304,2025-02-20 11:04:35,2025-02-20 11:04:55,4,0,10,3,1
79,304,2025-02-20 11:04:55,2025-02-20 11:05:38,5,0,11,3,1
80,304,2025-02-20 11:05:38,2025-02-20 11:06:21,5,0,11,3,1
81,297,2025-02-20 11:05:47,2025-02-20 11:06:04,6,0,16,5,1
82,297,2025-02-20 11:06:04,2025-02-20 11:06:29,7,1,17,6,1
83,304,2025-02-20 11:06:21,2025-02-20 11:07:06,3,1,12,4,1
84,297,2025-02-20 11:06:29,2025-02-20 11:07:03,8,1,18,6,1
85,297,2025-02-20 11:07:03,2025-02-20 11:08:05,3,1,19,6,1
86,304,2025-02-20 11:07:06,2025-02-20 11:07:15,4,1,13,4,1
87,304,2025-02-20 11:07:15,2025-02-20 11:07:45,1,0,14,5,1
88,304,2025-02-20 11:07:45,2025-02-20 11:09:06,1,0,15,5,1
89,297,2025-02-20 11:08:05,2025-02-20 11:08:10,4,1,20,6,1
90,297,2025-02-20 11:08:10,2025-02-20 11:08:18,-1,-1,21,7,1
91,297,2025-02-20 11:08:18,2025-02-20 11:08:28,-1,2,22,8,1
92,297,2025-02-20 11:08:28,2025-02-20 11:08:47,0,0,23,0,1
93,313,2025-02-20 11:08:47,2025-02-20 11:09:02,0,0,0,0,1
94,313,2025-02-20 11:09:02,2025-02-20 11:09:42,1,0,1,1,1
95,304,2025-02-20 11:09:06,2025-02-20 11:09:23,6,0,16,5,1
96,304,2025-02-20 11:09:23,2025-02-20 11:09:40,6,0,16,5,1
97,304,2025-02-20 11:09:40,2025-02-20 11:10:05,7,1,17,6,1
98,313,2025-02-20 11:09:42,2025-02-20 11:10:38,2,0,2,1,1
99,304,2025-02-20 11:10:05,2025-02-20 11:10:39,8,1,18,6,1
100,313,2025-02-20 11:10:38,2025-02-20 11:10:52,2,0,3,1,1
101,304,2025-02-20 11:10:39,2025-02-20 11:11:41,3,1,19,6,1
102,313,2025-02-20 11:10:52,2025-02-20 11:11:35,2,0,4,1,1
103,304,2025-02-20 11:11:41,2025-02-20 11:11:46,4,1,20,6,1
104,304,2025-02-20 11:11:46,2025-02-20 11:11:54,-1,-1,21,7,1
105,311,2025-02-20 11:11:54,2025-02-20 11:12:09,0,0,0,0,1
106,311,2025-02-20 11:12:09,2025-02-20 11:12:49,1,0,1,1,1
107,313,2025-02-20 11:12:50,2025-02-20 11:13:47,2,0,5,1,1
108,311,2025-02-20 11:13:47,2025-02-20 11:14:43,2,0,2,1,1
109,313,2025-02-20 11:14:43,2025-02-20 11:15:21,2,0,6,1,1
110,313,2025-02-20 11:15:21,2025-02-20 11:15:23,3,1,7,2,1
111,311,2025-02-20 11:15:22,2025-02-20 11:15:36,2,0,3,1,1
112,313,2025-02-20 11:15:23,2025-02-20 11:15:55,1,0,8,3,1
113,311,2025-02-20 11:15:36,2025-02-20 11:16:19,2,0,4,1,1
114,313,2025-02-20 11:15:55,2025-02-20 11:16:56,3,0,9,3,1
115,311,2025-02-20 11:16:19,2025-02-20 11:17:16,2,0,5,1,1
116,313,2025-02-20 11:16:56,2025-02-20 11:17:16,4,0,10,3,1
117,311,2025-02-20 11:17:16,2025-02-20 11:17:54,2,0,6,1,1
118,313,2025-02-20 11:17:16,2025-02-20 11:17:59,5,0,11,3,1
119,311,2025-02-20 11:17:54,2025-02-20 11:17:56,3,1,7,2,1
120,311,2025-02-20 11:17:59,2025-02-20 11:18:31,1,0,8,3,1
121,313,2025-02-20 11:17:59,2025-02-20 11:18:44,3,1,12,4,1
122,311,2025-02-20 11:18:31,2025-02-20 11:19:32,3,0,9,3,1
123,313,2025-02-20 11:18:44,2025-02-20 11:18:53,4,1,13,4,1
124,313,2025-02-20 11:18:53,2025-02-20 11:19:23,1,0,14,5,1
125,313,2025-02-20 11:19:23,2025-02-20 11:20:44,1,0,15,5,1
126,311,2025-02-20 11:19:32,2025-02-20 11:19:52,4,0,10,3,1
127,311,2025-02-20 11:19:52,2025-02-20 11:20:35,5,0,11,3,1
128,311,2025-02-20 11:20:35,2025-02-20 11:21:20,3,1,12,4,1
129,313,2025-02-20 11:20:44,2025-02-20 11:21:01,6,0,16,5,1
130,313,2025-02-20 11:21:01,2025-02-20 11:21:26,7,1,17,6,1
131,311,2025-02-20 11:21:20,2025-02-20 11:21:29,4,1,13,4,1
132,313,2025-02-20 11:21:26,2025-02-20 11:22:00,8,1,18,6,1
133,311,2025-02-20 11:21:29,2025-02-20 11:21:59,1,0,14,5,1
134,311,2025-02-20 11:21:59,2025-02-20 11:23:20,1,0,15,5,1
135,313,2025-02-20 11:22:00,2025-02-20 11:23:02,3,1,19,6,1
136,313,2025-02-20 11:23:02,2025-02-20 11:23:07,4,1,20,6,1
137,313,2025-02-20 11:23:07,2025-02-20 11:23:15,-1,-1,21,7,1
138,313,2025-02-20 11:23:15,2025-02-20 11:23:25,-1,2,22,8,1
139,311,2025-02-20 11:23:20,2025-02-20 11:23:37,6,0,16,5,1
140,313,2025-02-20 11:23:25,2025-02-20 11:23:44,0,0,23,0,1
141,311,2025-02-20 11:23:37,2025-02-20 11:24:02,7,1,17,6,1
142,320,2025-02-20 11:23:44,2025-02-20 11:23:59,0,0,0,0,1
143,320,2025-02-20 11:23:59,2025-02-20 11:24:31,1,0,8,3,1
144,311,2025-02-20 11:24:02,2025-02-20 11:24:36,8,1,18,6,1
145,320,2025-02-20 11:24:31,2025-02-20 11:25:09,2,0,6,1,1
146,311,2025-02-20 11:24:36,2025-02-20 11:25:38,3,1,19,6,1
147,320,2025-02-20 11:25:09,2025-02-20 11:25:52,5,0,11,3,1
148,311,2025-02-20 11:25:38,2025-02-20 11:25:43,4,1,20,6,1
149,311,2025-02-20 11:25:43,2025-02-20 11:25:51,-1,-1,21,7,1
150,311,2025-02-20 11:25:51,2025-02-20 11:26:01,-1,2,22,8,1
151,311,2025-02-20 11:26:01,2025-02-20 11:26:20,0,0,23,0,1
152,301,2025-02-20 11:26:20,2025-02-20 11:26:35,0,0,0,0,1
153,320,2025-02-20 11:26:35,2025-02-20 11:26:54,0,0,23,0,1
154,301,2025-02-20 11:26:35,2025-02-20 11:27:15,1,0,1,1,1
155,320,2025-02-20 11:26:54,2025-02-20 11:27:11,6,0,16,5,1
156,301,2025-02-20 11:27:15,2025-02-20 11:28:11,2,0,2,1,1
157,320,2025-02-20 11:28:11,2025-02-20 11:28:51,1,0,1,1,1
158,310,2025-02-20 11:28:51,2025-02-20 11:29:06,0,0,0,0,1
159,301,2025-02-20 11:28:52,2025-02-20 11:29:06,2,0,3,1,1
160,301,2025-02-20 11:29:06,2025-02-20 11:29:49,2,0,4,1,1
161,310,2025-02-20 11:29:06,2025-02-20 11:29:25,0,0,23,0,1
162,301,2025-02-20 11:29:49,2025-02-20 11:30:46,2,0,5,1,1
163,310,2025-02-20 11:30:46,2025-02-20 11:31:24,2,0,6,1,1
164,310,2025-02-20 11:31:24,2025-02-20 11:31:33,4,1,13,4,1
165,301,2025-02-20 11:31:25,2025-02-20 11:32:03,2,0,6,1,1
166,310,2025-02-20 11:31:33,2025-02-20 11:32:05,1,0,8,3,1
167,301,2025-02-20 11:32:03,2025-02-20 11:32:05,3,1,7,2,1
168,301,2025-02-20 11:32:05,2025-02-20 11:32:37,1,0,8,3,1
169,310,2025-02-20 11:32:05,2025-02-20 11:32:35,1,0,14,5,1
170,310,2025-02-20 11:32:35,2025-02-20 11:33:15,1,0,1,1,1
171,301,2025-02-20 11:32:37,2025-02-20 11:33:38,3,0,9,3,1
172,310,2025-02-20 11:33:15,2025-02-20 11:33:53,2,0,6,1,1
173,301,2025-02-20 11:33:38,2025-02-20 11:33:58,4,0,10,3,1
174,301,2025-02-20 11:33:58,2025-02-20 11:34:41,5,0,11,3,1
175,310,2025-02-20 11:34:41,2025-02-20 11:35:13,1,0,8,3,1
176,301,2025-02-20 11:34:41,2025-02-20 11:35:26,3,1,12,4,1
177,310,2025-02-20 11:35:13,2025-02-20 11:35:53,1,0,1,1,1
178,301,2025-02-20 11:35:26,2025-02-20 11:35:35,4,1,13,4,1
179,301,2025-02-20 11:35:35,2025-02-20 11:36:05,1,0,14,5,1
180,310,2025-02-20 11:35:53,2025-02-20 11:36:13,4,0,10,3,1
181,301,2025-02-20 11:36:05,2025-02-20 11:37:26,1,0,15,5,1
182,310,2025-02-20 11:36:13,2025-02-20 11:36:56,5,0,11,3,1
183,310,2025-02-20 11:36:56,2025-02-20 11:37:52,2,0,2,1,1
184,301,2025-02-20 11:37:26,2025-02-20 11:37:43,6,0,16,5,1
185,301,2025-02-20 11:37:43,2025-02-20 11:38:08,7,1,17,6,1
186,310,2025-02-20 11:37:52,2025-02-20 11:39:13,1,0,15,5,1
187,301,2025-02-20 11:38:08,2025-02-20 11:38:42,8,1,18,6,1
188,310,2025-02-20 11:39:13,2025-02-20 11:39:18,4,1,20,6,1
189,310,2025-02-20 11:39:18,2025-02-20 11:39:35,6,0,16,5,1
190,301,2025-02-20 11:39:18,2025-02-20 11:40:20,3,1,19,6,1
191,310,2025-02-20 11:39:35,2025-02-20 11:40:18,5,0,11,3,1
192,310,2025-02-20 11:40:18,2025-02-20 11:40:26,-1,-1,21,7,1
193,301,2025-02-20 11:40:20,2025-02-20 11:40:25,4,1,20,6,1
194,310,2025-02-20 11:40:26,2025-02-20 11:40:43,6,0,16,5,1
195,301,2025-02-20 11:40:27,2025-02-20 11:40:35,-1,-1,21,7,1
196,301,2025-02-20 11:40:35,2025-02-20 11:40:45,-1,2,22,8,1
197,310,2025-02-20 11:40:43,2025-02-20 11:40:57,2,0,3,1,1
198,301,2025-02-20 11:40:45,2025-02-20 11:41:04,0,0,23,0,1
199,310,2025-02-20 11:40:57,2025-02-20 11:41:22,7,1,17,6,1
200,317,2025-02-20 11:41:04,2025-02-20 11:41:19,0,0,0,0,1
201,310,2025-02-20 11:41:22,2025-02-20 11:42:05,2,0,4,1,1
202,317,2025-02-20 11:42:05,2025-02-20 11:42:45,1,0,1,1,1
203,316,2025-02-20 11:42:05,2025-02-20 11:42:20,0,0,0,0,1
204,317,2025-02-20 11:42:45,2025-02-20 11:43:41,2,0,2,1,1
205,316,2025-02-20 11:43:41,2025-02-20 11:44:21,1,0,1,1,1
206,317,2025-02-20 11:44:22,2025-02-20 11:44:36,2,0,3,1,1
207,316,2025-02-20 11:44:36,2025-02-20 11:45:16,1,0,1,1,1
208,317,2025-02-20 11:45:17,2025-02-20 11:46:00,2,0,4,1,1
209,316,2025-02-20 11:46:00,2025-02-20 11:46:56,2,0,2,1,1
210,317,2025-02-20 11:46:56,2025-02-20 11:47:53,2,0,5,1,1
211,316,2025-02-20 11:47:53,2025-02-20 11:48:07,2,0,3,1,1
212,317,2025-02-20 11:48:07,2025-02-20 11:48:45,2,0,6,1,1
213,317,2025-02-20 11:48:45,2025-02-20 11:48:47,3,1,7,2,1
214,316,2025-02-20 11:48:46,2025-02-20 11:49:29,2,0,4,1,1
215,317,2025-02-20 11:48:47,2025-02-20 11:49:19,1,0,8,3,1
216,317,2025-02-20 11:49:19,2025-02-20 11:50:20,3,0,9,3,1
217,316,2025-02-20 11:49:29,2025-02-20 11:50:26,2,0,5,1,1
218,317,2025-02-20 11:50:20,2025-02-20 11:50:40,4,0,10,3,1
219,316,2025-02-20 11:50:26,2025-02-20 11:51:04,2,0,6,1,1
220,317,2025-02-20 11:50:40,2025-02-20 11:51:23,5,0,11,3,1
221,316,2025-02-20 11:51:04,2025-02-20 11:51:23,0,0,23,0,1
222,316,2025-02-20 11:51:23,2025-02-20 11:52:01,2,0,6,1,1
223,317,2025-02-20 11:51:23,2025-02-20 11:52:08,3,1,12,4,1
224,316,2025-02-20 11:52:01,2025-02-20 11:52:03,3,1,7,2,1
225,316,2025-02-20 11:52:03,2025-02-20 11:52:35,1,0,8,3,1
226,317,2025-02-20 11:52:08,2025-02-20 11:52:17,4,1,13,4,1
227,317,2025-02-20 11:52:17,2025-02-20 11:52:47,1,0,14,5,1
228,316,2025-02-20 11:52:35,2025-02-20 11:53:07,1,0,8,3,1
229,317,2025-02-20 11:52:47,2025-02-20 11:54:08,1,0,15,5,1
230,316,2025-02-20 11:53:07,2025-02-20 11:54:08,3,0,9,3,1
231,316,2025-02-20 11:54:08,2025-02-20 11:54:28,4,0,10,3,1
232,317,2025-02-20 11:54:08,2025-02-20 11:54:25,6,0,16,5,1
233,317,2025-02-20 11:54:25,2025-02-20 11:54:50,7,1,17,6,1
234,316,2025-02-20 11:54:28,2025-02-20 11:55:11,5,0,11,3,1
235,317,2025-02-20 11:54:50,2025-02-20 11:55:24,8,1,18,6,1
236,316,2025-02-20 11:55:11,2025-02-20 11:55:54,5,0,11,3,1
237,317,2025-02-20 11:55:24,2025-02-20 11:56:26,3,1,19,6,1
238,316,2025-02-20 11:55:54,2025-02-20 11:56:39,3,1,12,4,1
239,317,2025-02-20 11:56:26,2025-02-20 11:56:31,4,1,20,6,1
240,317,2025-02-20 11:56:31,2025-02-20 11:56:39,-1,-1,21,7,1
241,316,2025-02-20 11:56:39,2025-02-20 11:56:48,4,1,13,4,1
242,319,2025-02-20 11:56:39,2025-02-20 11:56:54,0,0,0,0,1
243,316,2025-02-20 11:56:48,2025-02-20 11:57:18,1,0,14,5,1
244,316,2025-02-20 11:57:18,2025-02-20 11:58:39,1,0,15,5,1
245,316,2025-02-20 11:58:39,2025-02-20 11:58:56,6,0,16,5,1
246,319,2025-02-20 11:58:56,2025-02-20 11:59:13,6,0,16,5,1
247,316,2025-02-20 11:59:13,2025-02-20 11:59:30,6,0,16,5,1
248,319,2025-02-20 11:59:13,2025-02-20 11:59:53,1,0,1,1,1
249,316,2025-02-20 11:59:30,2025-02-20 11:59:55,7,1,17,6,1
250,319,2025-02-20 11:59:53,2025-02-20 12:00:36,5,0,11,3,1
251,316,2025-02-20 11:59:55,2025-02-20 12:00:29,8,1,18,6,1
252,316,2025-02-20 12:00:29,2025-02-20 12:01:31,3,1,19,6,1
253,319,2025-02-20 12:00:36,2025-02-20 12:01:08,1,0,8,3,1
254,319,2025-02-20 12:01:08,2025-02-20 12:01:46,2,0,6,1,1
255,316,2025-02-20 12:01:31,2025-02-20 12:01:36,4,1,20,6,1
256,316,2025-02-20 12:01:36,2025-02-20 12:01:44,-1,-1,21,7,1
257,319,2025-02-20 12:01:46,2025-02-20 12:02:05,0,0,23,0,1
258,305,2025-02-20 12:02:05,2025-02-20 12:02:20,0,0,0,0,1
259,306,2025-02-20 12:02:20,2025-02-20 12:02:35,0,0,0,0,1
260,305,2025-02-20 12:02:20,2025-02-20 12:03:00,1,0,1,1,1
261,305,2025-02-20 12:03:00,2025-02-20 12:03:19,0,0,23,0,1
262,306,2025-02-20 12:03:01,2025-02-20 12:03:41,1,0,1,1,1
263,306,2025-02-20 12:03:41,2025-02-20 12:04:37,2,0,2,1,1
264,305,2025-02-20 12:04:37,2025-02-20 12:05:17,1,0,1,1,1
265,306,2025-02-20 12:05:18,2025-02-20 12:05:32,2,0,3,1,1
266,305,2025-02-20 12:05:32,2025-02-20 12:06:28,2,0,2,1,1
267,306,2025-02-20 12:06:28,2025-02-20 12:07:11,2,0,4,1,1
268,305,2025-02-20 12:07:11,2025-02-20 12:07:25,2,0,3,1,1
269,306,2025-02-20 12:07:25,2025-02-20 12:08:22,2,0,5,1,1
270,305,2025-02-20 12:08:22,2025-02-20 12:09:05,2,0,4,1,1
271,306,2025-02-20 12:09:05,2025-02-20 12:09:43,2,0,6,1,1
272,306,2025-02-20 12:09:43,2025-02-20 12:09:45,3,1,7,2,1
273,305,2025-02-20 12:09:44,2025-02-20 12:10:41,2,0,5,1,1
274,306,2025-02-20 12:09:45,2025-02-20 12:10:17,1,0,8,3,1
275,306,2025-02-20 12:10:17,2025-02-20 12:11:18,3,0,9,3,1
276,305,2025-02-20 12:10:41,2025-02-20 12:11:19,2,0,6,1,1
277,306,2025-02-20 12:11:18,2025-02-20 12:11:38,4,0,10,3,1
278,305,2025-02-20 12:11:19,2025-02-20 12:11:57,2,0,6,1,1
279,305,2025-02-20 12:11:57,2025-02-20 12:11:59,3,1,7,2,1
280,305,2025-02-20 12:11:59,2025-02-20 12:12:31,1,0,8,3,1
281,306,2025-02-20 12:12:31,2025-02-20 12:13:14,5,0,11,3,1
282,305,2025-02-20 12:13:14,2025-02-20 12:13:46,1,0,8,3,1
283,306,2025-02-20 12:13:14,2025-02-20 12:13:59,3,1,12,4,1
284,305,2025-02-20 12:13:46,2025-02-20 12:14:47,3,0,9,3,1
285,306,2025-02-20 12:13:59,2025-02-20 12:14:08,4,1,13,4,1
286,306,2025-02-20 12:14:08,2025-02-20 12:14:38,1,0,14,5,1
287,306,2025-02-20 12:14:38,2025-02-20 12:15:59,1,0,15,5,1
288,305,2025-02-20 12:14:47,2025-02-20 12:15:07,4,0,10,3,1
289,305,2025-02-20 12:15:07,2025-02-20 12:15:50,5,0,11,3,1
290,305,2025-02-20 12:15:50,2025-02-20 12:16:33,5,0,11,3,1
291,306,2025-02-20 12:15:59,2025-02-20 12:16:16,6,0,16,5,1
292,306,2025-02-20 12:16:16,2025-02-20 12:16:41,7,1,17,6,1
293,305,2025-02-20 12:16:33,2025-02-20 12:17:18,3,1,12,4,1
294,306,2025-02-20 12:16:41,2025-02-20 12:17:15,8,1,18,6,1
295,306,2025-02-20 12:17:15,2025-02-20 12:18:17,3,1,19,6,1
296,305,2025-02-20 12:17:18,2025-02-20 12:17:27,4,1,13,4,1
297,305,2025-02-20 12:17:27,2025-02-20 12:17:57,1,0,14,5,1
298,305,2025-02-20 12:17:57,2025-02-20 12:19:18,1,0,15,5,1
299,306,2025-02-20 12:18:17,2025-02-20 12:18:22,4,1,20,6,1
300,306,2025-02-20 12:18:22,2025-02-20 12:18:30,-1,-1,21,7,1
301,306,2025-02-20 12:18:30,2025-02-20 12:18:40,-1,2,22,8,1
302,306,2025-02-20 12:18:40,2025-02-20 12:18:59,0,0,23,0,1
303,314,2025-02-20 12:18:59,2025-02-20 12:19:14,0,0,0,0,1
304,314,2025-02-20 12:19:14,2025-02-20 12:19:54,1,0,1,1,1
305,305,2025-02-20 12:19:18,2025-02-20 12:19:35,6,0,16,5,1
306,305,2025-02-20 12:19:35,2025-02-20 12:19:52,6,0,16,5,1
307,305,2025-02-20 12:19:52,2025-02-20 12:20:17,7,1,17,6,1
308,314,2025-02-20 12:19:54,2025-02-20 12:20:50,2,0,2,1,1
309,305,2025-02-20 12:20:17,2025-02-20 12:20:51,8,1,18,6,1
310,314,2025-02-20 12:20:50,2025-02-20 12:21:04,2,0,3,1,1
311,305,2025-02-20 12:20:51,2025-02-20 12:21:53,3,1,19,6,1
312,314,2025-02-20 12:21:04,2025-02-20 12:21:47,2,0,4,1,1
313,314,2025-02-20 12:21:47,2025-02-20 12:22:44,2,0,5,1,1
314,305,2025-02-20 12:21:53,2025-02-20 12:21:58,4,1,20,6,1
315,305,2025-02-20 12:21:58,2025-02-20 12:22:06,-1,-1,21,7,1
316,315,2025-02-20 12:22:06,2025-02-20 12:22:21,0,0,0,0,1
317,315,2025-02-20 12:22:21,2025-02-20 12:22:30,4,1,13,4,1
318,315,2025-02-20 12:22:30,2025-02-20 12:23:02,1,0,8,3,1
319,314,2025-02-20 12:22:44,2025-02-20 12:23:22,2,0,6,1,1
320,314,2025-02-20 12:23:22,2025-02-20 12:23:24,3,1,7,2,1
321,315,2025-02-20 12:23:23,2025-02-20 12:24:01,2,0,6,1,1
322,314,2025-02-20 12:23:24,2025-02-20 12:23:56,1,0,8,3,1
323,314,2025-02-20 12:23:56,2025-02-20 12:24:57,3,0,9,3,1
324,315,2025-02-20 12:24:01,2025-02-20 12:24:20,0,0,23,0,1
325,315,2025-02-20 12:24:20,2025-02-20 12:24:50,1,0,14,5,1
326,315,2025-02-20 12:24:58,2025-02-20 12:25:18,4,0,10,3,1
327,314,2025-02-20 12:25:18,2025-02-20 12:25:38,4,0,10,3,1
328,315,2025-02-20 12:25:18,2025-02-20 12:25:23,4,1,20,6,1
329,315,2025-02-20 12:25:23,2025-02-20 12:26:03,1,0,1,1,1
330,314,2025-02-20 12:25:38,2025-02-20 12:26:21,5,0,11,3,1
331,314,2025-02-20 12:26:21,2025-02-20 12:27:06,3,1,12,4,1
332,315,2025-02-20 12:26:21,2025-02-20 12:26:53,1,0,8,3,1
333,315,2025-02-20 12:26:53,2025-02-20 12:27:31,2,0,6,1,1
334,314,2025-02-20 12:27:06,2025-02-20 12:27:15,4,1,13,4,1
335,314,2025-02-20 12:27:15,2025-02-20 12:27:45,1,0,14,5,1
336,315,2025-02-20 12:27:31,2025-02-20 12:28:11,1,0,1,1,1
337,314,2025-02-20 12:27:45,2025-02-20 12:29:06,1,0,15,5,1
338,315,2025-02-20 12:29:06,2025-02-20 12:30:27,1,0,15,5,1
339,314,2025-02-20 12:30:27,2025-02-20 12:30:44,6,0,16,5,1
340,315,2025-02-20 12:30:27,2025-02-20 12:31:10,5,0,11,3,1
341,314,2025-02-20 12:30:44,2025-02-20 12:31:09,7,1,17,6,1
342,314,2025-02-20 12:31:09,2025-02-20 12:31:43,8,1,18,6,1
343,315,2025-02-20 12:31:10,2025-02-20 12:32:06,2,0,2,1,1
344,314,2025-02-20 12:31:43,2025-02-20 12:32:45,3,1,19,6,1
345,315,2025-02-20 12:32:06,2025-02-20 12:32:49,5,0,11,3,1
346,314,2025-02-20 12:32:45,2025-02-20 12:32:50,4,1,20,6,1
347,315,2025-02-20 12:32:49,2025-02-20 12:32:57,-1,-1,21,7,1
348,315,2025-02-20 12:32:57,2025-02-20 12:33:14,6,0,16,5,1
349,314,2025-02-20 12:32:57,2025-02-20 12:33:05,-1,-1,21,7,1
350,314,2025-02-20 12:33:05,2025-02-20 12:33:15,-1,2,22,8,1
351,315,2025-02-20 12:33:14,2025-02-20 12:33:28,2,0,3,1,1
352,314,2025-02-20 12:33:15,2025-02-20 12:33:34,0,0,23,0,1
353,315,2025-02-20 12:33:28,2025-02-20 12:33:45,6,0,16,5,1
354,312,2025-02-20 12:33:34,2025-02-20 12:33:49,0,0,0,0,1
355,315,2025-02-20 12:33:45,2025-02-20 12:34:28,2,0,4,1,1
356,315,2025-02-20 12:34:28,2025-02-20 12:34:53,7,1,17,6,1
357,312,2025-02-20 12:34:28,2025-02-20 12:35:08,1,0,1,1,1
358,309,2025-02-20 12:34:53,2025-02-20 12:35:08,0,0,0,0,1
359,312,2025-02-20 12:35:08,2025-02-20 12:36:04,2,0,2,1,1
360,309,2025-02-20 12:36:04,2025-02-20 12:36:44,1,0,1,1,1
361,309,2025-02-20 12:36:44,2025-02-20 12:37:03,0,0,23,0,1
362,312,2025-02-20 12:36:45,2025-02-20 12:36:59,2,0,3,1,1
363,312,2025-02-20 12:36:59,2025-02-20 12:37:42,2,0,4,1,1
364,309,2025-02-20 12:37:42,2025-02-20 12:38:38,2,0,2,1,1
365,312,2025-02-20 12:38:38,2025-02-20 12:39:35,2,0,5,1,1
366,309,2025-02-20 12:39:35,2025-02-20 12:39:49,2,0,3,1,1
367,312,2025-02-20 12:39:49,2025-02-20 12:40:27,2,0,6,1,1
368,312,2025-02-20 12:40:27,2025-02-20 12:40:29,3,1,7,2,1
369,309,2025-02-20 12:40:28,2025-02-20 12:41:11,2,0,4,1,1
370,312,2025-02-20 12:40:29,2025-02-20 12:41:01,1,0,8,3,1
371,312,2025-02-20 12:41:01,2025-02-20 12:42:02,3,0,9,3,1
372,309,2025-02-20 12:41:11,2025-02-20 12:42:08,2,0,5,1,1
373,312,2025-02-20 12:42:02,2025-02-20 12:42:22,4,0,10,3,1
374,309,2025-02-20 12:42:08,2025-02-20 12:42:46,2,0,6,1,1
375,309,2025-02-20 12:42:46,2025-02-20 12:42:48,3,1,7,2,1
376,309,2025-02-20 12:42:48,2025-02-20 12:43:20,1,0,8,3,1
377,312,2025-02-20 12:43:20,2025-02-20 12:44:03,5,0,11,3,1
378,309,2025-02-20 12:44:03,2025-02-20 12:45:04,3,0,9,3,1
379,312,2025-02-20 12:44:03,2025-02-20 12:44:48,3,1,12,4,1
380,312,2025-02-20 12:44:48,2025-02-20 12:44:57,4,1,13,4,1
381,312,2025-02-20 12:44:57,2025-02-20 12:45:27,1,0,14,5,1
382,309,2025-02-20 12:45:04,2025-02-20 12:45:24,4,0,10,3,1
383,309,2025-02-20 12:45:24,2025-02-20 12:46:07,5,0,11,3,1
384,312,2025-02-20 12:45:27,2025-02-20 12:46:48,1,0,15,5,1
385,309,2025-02-20 12:46:07,2025-02-20 12:46:52,3,1,12,4,1
386,312,2025-02-20 12:46:48,2025-02-20 12:47:05,6,0,16,5,1
387,309,2025-02-20 12:46:52,2025-02-20 12:47:01,4,1,13,4,1
388,309,2025-02-20 12:47:05,2025-02-20 12:47:35,1,0,14,5,1
389,312,2025-02-20 12:47:05,2025-02-20 12:47:30,7,1,17,6,1
390,312,2025-02-20 12:47:30,2025-02-20 12:48:04,8,1,18,6,1
391,309,2025-02-20 12:47:35,2025-02-20 12:48:56,1,0,15,5,1
392,312,2025-02-20 12:48:04,2025-02-20 12:49:06,3,1,19,6,1
393,309,2025-02-20 12:48:56,2025-02-20 12:49:13,6,0,16,5,1
394,312,2025-02-20 12:49:06,2025-02-20 12:49:11,4,1,20,6,1
395,312,2025-02-20 12:49:11,2025-02-20 12:49:19,-1,-1,21,7,1
396,309,2025-02-20 12:49:13,2025-02-20 12:49:38,7,1,17,6,1
397,312,2025-02-20 12:49:19,2025-02-20 12:49:29,-1,2,22,8,1
398,312,2025-02-20 12:49:29,2025-02-20 12:49:48,0,0,23,0,1
399,309,2025-02-20 12:49:38,2025-02-20 12:50:12,8,1,18,6,1
400,300,2025-02-20 12:49:48,2025-02-20 12:50:03,0,0,0,0,1
401,300,2025-02-20 12:50:03,2025-02-20 12:50:43,1,0,1,1,1
402,309,2025-02-20 12:50:12,2025-02-20 12:51:14,3,1,19,6,1
403,302,2025-02-20 12:51:14,2025-02-20 12:51:29,0,0,0,0,1
404,302,2025-02-20 12:51:29,2025-02-20 12:52:09,1,0,1,1,1
405,302,2025-02-20 12:52:09,2025-02-20 12:53:05,2,0,2,1,1
406,302,2025-02-20 12:53:05,2025-02-20 12:53:19,2,0,3,1,1
407,300,2025-02-20 12:53:19,2025-02-20 12:54:15,2,0,2,1,1
408,302,2025-02-20 12:54:15,2025-02-20 12:54:58,2,0,4,1,1
409,300,2025-02-20 12:54:58,2025-02-20 12:55:12,2,0,3,1,1
410,302,2025-02-20 12:55:12,2025-02-20 12:56:09,2,0,5,1,1
411,300,2025-02-20 12:56:09,2025-02-20 12:56:52,2,0,4,1,1
412,302,2025-02-20 12:56:52,2025-02-20 12:57:30,2,0,6,1,1
413,302,2025-02-20 12:57:30,2025-02-20 12:57:32,3,1,7,2,1
414,300,2025-02-20 12:57:31,2025-02-20 12:58:28,2,0,5,1,1
415,302,2025-02-20 12:57:32,2025-02-20 12:58:04,1,0,8,3,1
416,302,2025-02-20 12:58:04,2025-02-20 12:59:05,3,0,9,3,1
417,300,2025-02-20 12:58:28,2025-02-20 12:59:06,2,0,6,1,1
418,300,2025-02-20 12:59:06,2025-02-20 12:59:08,3,1,7,2,1
419,300,2025-02-20 12:59:08,2025-02-20 12:59:40,1,0,8,3,1
420,302,2025-02-20 12:59:40,2025-02-20 13:00:00,4,0,10,3,1
421,300,2025-02-20 13:00:00,2025-02-20 13:01:01,3,0,9,3,1
422,302,2025-02-20 13:01:02,2025-02-20 13:01:45,5,0,11,3,1
423,300,2025-02-20 13:01:45,2025-02-20 13:02:05,4,0,10,3,1
424,302,2025-02-20 13:01:45,2025-02-20 13:02:30,3,1,12,4,1
425,300,2025-02-20 13:02:05,2025-02-20 13:02:48,5,0,11,3,1
426,302,2025-02-20 13:02:30,2025-02-20 13:02:39,4,1,13,4,1
427,302,2025-02-20 13:02:39,2025-02-20 13:03:09,1,0,14,5,1
428,300,2025-02-20 13:02:48,2025-02-20 13:03:33,3,1,12,4,1
429,302,2025-02-20 13:03:09,2025-02-20 13:04:30,1,0,15,5,1
430,300,2025-02-20 13:03:33,2025-02-20 13:03:42,4,1,13,4,1
431,300,2025-02-20 13:04:30,2025-02-20 13:05:00,1,0,14,5,1
432,302,2025-02-20 13:05:00,2025-02-20 13:05:17,6,0,16,5,1
433,300,2025-02-20 13:05:17,2025-02-20 13:06:38,1,0,15,5,1
434,302,2025-02-20 13:05:17,2025-02-20 13:05:42,7,1,17,6,1
435,302,2025-02-20 13:05:42,2025-02-20 13:06:16,8,1,18,6,1
436,300,2025-02-20 13:06:38,2025-02-20 13:06:55,6,0,16,5,1
437,300,2025-02-20 13:06:55,2025-02-20 13:07:20,7,1,17,6,1
438,302,2025-02-20 13:07:20,2025-02-20 13:08:22,3,1,19,6,1
439,300,2025-02-20 13:08:23,2025-02-20 13:08:57,8,1,18,6,1
440,302,2025-02-20 13:08:58,2025-02-20 13:09:03,4,1,20,6,1
441,302,2025-02-20 13:09:03,2025-02-20 13:09:11,-1,-1,21,7,1
442,300,2025-02-20 13:09:04,2025-02-20 13:10:06,3,1,19,6,1
443,302,2025-02-20 13:09:11,2025-02-20 13:09:21,-1,2,22,8,1
444,302,2025-02-20 13:09:21,2025-02-20 13:09:40,0,0,23,0,1
445,307,2025-02-20 13:09:40,2025-02-20 13:09:55,0,0,0,0,1
446,307,2025-02-20 13:09:55,2025-02-20 13:10:38,5,0,11,3,1
447,300,2025-02-20 13:10:06,2025-02-20 13:10:11,4,1,20,6,1
448,300,2025-02-20 13:10:11,2025-02-20 13:10:19,-1,-1,21,7,1
449,300,2025-02-20 13:10:19,2025-02-20 13:10:29,-1,2,22,8,1
450,300,2025-02-20 13:10:29,2025-02-20 13:10:48,0,0,23,0,1
451,307,2025-02-20 13:10:38,2025-02-20 13:11:08,1,0,14,5,1
452,318,2025-02-20 13:10:48,2025-02-20 13:11:03,0,0,0,0,1
453,318,2025-02-20 13:11:03,2025-02-20 13:11:43,1,0,1,1,1
454,307,2025-02-20 13:11:08,2025-02-20 13:12:29,1,0,15,5,1
455,318,2025-02-20 13:11:43,2025-02-20 13:12:39,2,0,2,1,1
456,307,2025-02-20 13:12:29,2025-02-20 13:12:37,-1,-1,21,7,1
457,307,2025-02-20 13:12:37,2025-02-20 13:12:47,-1,2,22,8,1
458,318,2025-02-20 13:12:39,2025-02-20 13:12:53,2,0,3,1,1
459,307,2025-02-20 13:12:47,2025-02-20 13:13:04,6,0,16,5,1
460,318,2025-02-20 13:12:53,2025-02-20 13:13:36,2,0,4,1,1
461,318,2025-02-20 13:13:36,2025-02-20 13:14:33,2,0,5,1,1
462,307,2025-02-20 13:14:33,2025-02-20 13:15:13,1,0,1,1,1
463,307,2025-02-20 13:15:13,2025-02-20 13:15:38,7,1,17,6,1
464,318,2025-02-20 13:15:14,2025-02-20 13:15:52,2,0,6,1,1
465,307,2025-02-20 13:15:38,2025-02-20 13:16:12,8,1,18,6,1
466,318,2025-02-20 13:15:52,2025-02-20 13:15:54,3,1,7,2,1
467,318,2025-02-20 13:15:54,2025-02-20 13:16:26,1,0,8,3,1
468,307,2025-02-20 13:16:12,2025-02-20 13:16:31,0,0,23,0,1
469,318,2025-02-20 13:16:26,2025-02-20 13:17:27,3,0,9,3,1
470,307,2025-02-20 13:16:31,2025-02-20 13:17:27,2,0,2,1,1
471,318,2025-02-20 13:17:27,2025-02-20 13:17:47,4,0,10,3,1
472,307,2025-02-20 13:17:27,2025-02-20 13:17:41,2,0,3,1,1
473,307,2025-02-20 13:17:41,2025-02-20 13:18:24,2,0,4,1,1
474,318,2025-02-20 13:17:47,2025-02-20 13:18:30,5,0,11,3,1
475,307,2025-02-20 13:18:24,2025-02-20 13:19:21,2,0,5,1,1
476,318,2025-02-20 13:18:30,2025-02-20 13:19:15,3,1,12,4,1
477,318,2025-02-20 13:19:15,2025-02-20 13:19:24,4,1,13,4,1
478,307,2025-02-20 13:19:21,2025-02-20 13:19:59,2,0,6,1,1
479,318,2025-02-20 13:19:24,2025-02-20 13:19:54,1,0,14,5,1
480,318,2025-02-20 13:19:54,2025-02-20 13:21:15,1,0,15,5,1
481,307,2025-02-20 13:19:59,2025-02-20 13:20:01,3,1,7,2,1
482,307,2025-02-20 13:20:01,2025-02-20 13:20:33,1,0,8,3,1
483,303,2025-02-20 13:20:33,2025-02-20 13:20:48,0,0,0,0,1
484,303,2025-02-20 13:20:48,2025-02-20 13:21:28,1,0,1,1,1
485,318,2025-02-20 13:21:15,2025-02-20 13:21:32,6,0,16,5,1
486,303,2025-02-20 13:21:28,2025-02-20 13:22:24,2,0,2,1,1
487,318,2025-02-20 13:21:32,2025-02-20 13:21:57,7,1,17,6,1
488,318,2025-02-20 13:21:57,2025-02-20 13:22:31,8,1,18,6,1
489,303,2025-02-20 13:22:24,2025-02-20 13:22:38,2,0,3,1,1
490,318,2025-02-20 13:22:31,2025-02-20 13:23:33,3,1,19,6,1
491,303,2025-02-20 13:22:38,2025-02-20 13:23:21,2,0,4,1,1
492,303,2025-02-20 13:23:21,2025-02-20 13:24:18,2,0,5,1,1
493,318,2025-02-20 13:23:33,2025-02-20 13:23:38,4,1,20,6,1
494,318,2025-02-20 13:23:38,2025-02-20 13:23:46,-1,-1,21,7,1
495,308,2025-02-20 13:23:46,2025-02-20 13:24:01,0,0,0,0,1
496,303,2025-02-20 13:24:18,2025-02-20 13:24:56,2,0,6,1,1
497,303,2025-02-20 13:24:56,2025-02-20 13:24:58,3,1,7,2,1
498,308,2025-02-20 13:24:57,2025-02-20 13:25:37,1,0,1,1,1
499,303,2025-02-20 13:24:58,2025-02-20 13:25:30,1,0,8,3,1
500,308,2025-02-20 13:25:37,2025-02-20 13:26:20,5,0,11,3,1
501,308,2025-02-20 13:26:20,2025-02-20 13:26:50,1,0,14,5,1
502,303,2025-02-20 13:26:20,2025-02-20 13:27:21,3,0,9,3,1
503,308,2025-02-20 13:26:50,2025-02-20 13:28:11,1,0,15,5,1
504,303,2025-02-20 13:27:21,2025-02-20 13:27:41,4,0,10,3,1
505,303,2025-02-20 13:27:41,2025-02-20 13:28:24,5,0,11,3,1
506,308,2025-02-20 13:28:11,2025-02-20 13:29:07,2,0,2,1,1
507,303,2025-02-20 13:28:24,2025-02-20 13:29:09,3,1,12,4,1
508,308,2025-02-20 13:29:07,2025-02-20 13:29:21,2,0,3,1,1
509,303,2025-02-20 13:29:09,2025-02-20 13:29:18,4,1,13,4,1
510,303,2025-02-20 13:29:18,2025-02-20 13:29:48,1,0,14,5,1
511,308,2025-02-20 13:29:21,2025-02-20 13:29:29,-1,-1,21,7,1
512,308,2025-02-20 13:29:29,2025-02-20 13:29:39,-1,2,22,8,1
513,308,2025-02-20 13:29:39,2025-02-20 13:29:58,0,0,23,0,1
514,303,2025-02-20 13:29:48,2025-02-20 13:31:09,1,0,15,5,1
515,308,2025-02-20 13:29:58,2025-02-20 13:30:41,2,0,4,1,1
516,303,2025-02-20 13:31:09,2025-02-20 13:31:26,6,0,16,5,1
517,308,2025-02-20 13:31:26,2025-02-20 13:31:43,6,0,16,5,1
518,303,2025-02-20 13:31:26,2025-02-20 13:31:51,7,1,17,6,1
519,308,2025-02-20 13:31:51,2025-02-20 13:32:16,7,1,17,6,1
520,303,2025-02-20 13:32:16,2025-02-20 13:32:50,8,1,18,6,1
521,308,2025-02-20 13:32:51,2025-02-20 13:33:25,8,1,18,6,1
522,308,2025-02-20 13:33:25,2025-02-20 13:34:22,2,0,5,1,1
523,303,2025-02-20 13:33:26,2025-02-20 13:34:28,3,1,19,6,1
524,308,2025-02-20 13:34:22,2025-02-20 13:35:00,2,0,6,1,1
525,303,2025-02-20 13:34:28,2025-02-20 13:34:33,4,1,20,6,1
526,303,2025-02-20 13:34:33,2025-02-20 13:34:41,-1,-1,21,7,1
527,303,2025-02-20 13:34:41,2025-02-20 13:34:51,-1,2,22,8,1
528,303,2025-02-20 13:34:51,2025-02-20 13:35:10,0,0,23,0,1
529,308,2025-02-20 13:35:00,2025-02-20 13:35:02,3,1,7,2,1
530,308,2025-02-20 13:35:02,2025-02-20 13:35:34,1,0,8,3,1
531,325,2025-02-20 13:35:10,2025-02-20 13:35:25,0,0,0,0,1
532,325,2025-02-20 13:35:25,2025-02-20 13:36:05,1,0,1,1,1
533,330,2025-02-20 13:35:34,2025-02-20 13:35:49,0,0,0,0,1
534,330,2025-02-20 13:35:49,2025-02-20 13:36:08,0,0,23,0,1
535,330,2025-02-20 13:36:08,2025-02-20 13:36:48,1,0,1,1,1
536,325,2025-02-20 13:36:49,2025-02-20 13:37:45,2,0,2,1,1
537,330,2025-02-20 13:37:45,2025-02-20 13:38:25,1,0,1,1,1
538,325,2025-02-20 13:38:26,2025-02-20 13:38:40,2,0,3,1,1
539,330,2025-02-20 13:38:40,2025-02-20 13:39:36,2,0,2,1,1
540,325,2025-02-20 13:39:36,2025-02-20 13:40:19,2,0,4,1,1
541,330,2025-02-20 13:40:19,2025-02-20 13:40:33,2,0,3,1,1
542,325,2025-02-20 13:40:33,2025-02-20 13:41:30,2,0,5,1,1
543,330,2025-02-20 13:41:30,2025-02-20 13:42:13,2,0,4,1,1
544,325,2025-02-20 13:42:13,2025-02-20 13:42:51,2,0,6,1,1
545,325,2025-02-20 13:42:51,2025-02-20 13:42:53,3,1,7,2,1
546,330,2025-02-20 13:42:52,2025-02-20 13:43:49,2,0,5,1,1
547,325,2025-02-20 13:42:53,2025-02-20 13:43:25,1,0,8,3,1
548,325,2025-02-20 13:43:25,2025-02-20 13:44:26,3,0,9,3,1
549,330,2025-02-20 13:43:49,2025-02-20 13:44:27,2,0,6,1,1
550,325,2025-02-20 13:44:26,2025-02-20 13:44:46,4,0,10,3,1
551,330,2025-02-20 13:44:27,2025-02-20 13:45:05,2,0,6,1,1
552,330,2025-02-20 13:45:05,2025-02-20 13:45:07,3,1,7,2,1
553,330,2025-02-20 13:45:07,2025-02-20 13:45:39,1,0,8,3,1
554,325,2025-02-20 13:45:39,2025-02-20 13:46:22,5,0,11,3,1
555,330,2025-02-20 13:46:22,2025-02-20 13:46:54,1,0,8,3,1
556,325,2025-02-20 13:46:22,2025-02-20 13:47:07,3,1,12,4,1
557,330,2025-02-20 13:46:54,2025-02-20 13:47:55,3,0,9,3,1
558,325,2025-02-20 13:47:07,2025-02-20 13:47:16,4,1,13,4,1
559,325,2025-02-20 13:47:16,2025-02-20 13:47:46,1,0,14,5,1
560,325,2025-02-20 13:47:46,2025-02-20 13:49:07,1,0,15,5,1
561,330,2025-02-20 13:47:55,2025-02-20 13:48:15,4,0,10,3,1
562,330,2025-02-20 13:48:15,2025-02-20 13:48:58,5,0,11,3,1
563,330,2025-02-20 13:48:58,2025-02-20 13:49:41,5,0,11,3,1
564,325,2025-02-20 13:49:07,2025-02-20 13:49:24,6,0,16,5,1
565,325,2025-02-20 13:49:24,2025-02-20 13:49:49,7,1,17,6,1
566,330,2025-02-20 13:49:41,2025-02-20 13:50:26,3,1,12,4,1
567,325,2025-02-20 13:49:49,2025-02-20 13:50:23,8,1,18,6,1
568,325,2025-02-20 13:50:23,2025-02-20 13:51:25,3,1,19,6,1
569,330,2025-02-20 13:50:26,2025-02-20 13:50:35,4,1,13,4,1
570,330,2025-02-20 13:50:35,2025-02-20 13:51:05,1,0,14,5,1
571,330,2025-02-20 13:51:05,2025-02-20 13:52:26,1,0,15,5,1
572,325,2025-02-20 13:51:25,2025-02-20 13:51:30,4,1,20,6,1
573,325,2025-02-20 13:51:30,2025-02-20 13:51:38,-1,-1,21,7,1
574,325,2025-02-20 13:51:38,2025-02-20 13:51:48,-1,2,22,8,1
575,325,2025-02-20 13:51:48,2025-02-20 13:52:07,0,0,23,0,1
576,335,2025-02-20 13:52:07,2025-02-20 13:52:22,0,0,0,0,1
577,335,2025-02-20 13:52:22,2025-02-20 13:53:02,1,0,1,1,1
578,330,2025-02-20 13:52:26,2025-02-20 13:52:43,6,0,16,5,1
579,330,2025-02-20 13:52:43,2025-02-20 13:53:00,6,0,16,5,1
580,330,2025-02-20 13:53:00,2025-02-20 13:53:25,7,1,17,6,1
581,335,2025-02-20 13:53:02,2025-02-20 13:53:42,1,0,1,1,1
582,330,2025-02-20 13:53:25,2025-02-20 13:53:59,8,1,18,6,1
583,335,2025-02-20 13:53:42,2025-02-20 13:54:01,0,0,23,0,1
584,330,2025-02-20 13:53:59,2025-02-20 13:55:01,3,1,19,6,1
585,335,2025-02-20 13:54:01,2025-02-20 13:54:57,2,0,2,1,1
586,335,2025-02-20 13:54:57,2025-02-20 13:55:11,2,0,3,1,1
587,330,2025-02-20 13:55:01,2025-02-20 13:55:06,4,1,20,6,1
588,330,2025-02-20 13:55:06,2025-02-20 13:55:14,-1,-1,21,7,1
589,321,2025-02-20 13:55:14,2025-02-20 13:55:29,0,0,0,0,1
590,321,2025-02-20 13:55:29,2025-02-20 13:56:09,1,0,1,1,1
591,321,2025-02-20 13:56:09,2025-02-20 13:57:05,2,0,2,1,1
592,335,2025-02-20 13:57:05,2025-02-20 13:57:48,2,0,4,1,1
593,321,2025-02-20 13:57:48,2025-02-20 13:58:02,2,0,3,1,1
594,335,2025-02-20 13:58:02,2025-02-20 13:58:59,2,0,5,1,1
595,321,2025-02-20 13:58:59,2025-02-20 13:59:42,2,0,4,1,1
596,335,2025-02-20 13:59:42,2025-02-20 14:00:20,2,0,6,1,1
597,321,2025-02-20 14:00:21,2025-02-20 14:01:18,2,0,5,1,1
598,335,2025-02-20 14:01:18,2025-02-20 14:01:56,2,0,6,1,1
599,335,2025-02-20 14:01:56,2025-02-20 14:01:58,3,1,7,2,1
600,321,2025-02-20 14:01:57,2025-02-20 14:02:35,2,0,6,1,1
601,335,2025-02-20 14:01:58,2025-02-20 14:02:30,1,0,8,3,1
602,321,2025-02-20 14:02:35,2025-02-20 14:02:37,3,1,7,2,1
603,321,2025-02-20 14:02:37,2025-02-20 14:03:09,1,0,8,3,1
604,335,2025-02-20 14:03:09,2025-02-20 14:03:41,1,0,8,3,1
605,321,2025-02-20 14:03:41,2025-02-20 14:04:42,3,0,9,3,1
606,335,2025-02-20 14:04:43,2025-02-20 14:05:44,3,0,9,3,1
607,321,2025-02-20 14:05:45,2025-02-20 14:06:05,4,0,10,3,1
608,335,2025-02-20 14:06:05,2025-02-20 14:06:25,4,0,10,3,1
609,321,2025-02-20 14:06:25,2025-02-20 14:07:08,5,0,11,3,1
610,335,2025-02-20 14:07:08,2025-02-20 14:07:51,5,0,11,3,1
611,321,2025-02-20 14:07:08,2025-02-20 14:07:53,3,1,12,4,1
612,335,2025-02-20 14:07:51,2025-02-20 14:08:34,5,0,11,3,1
613,321,2025-02-20 14:07:53,2025-02-20 14:08:02,4,1,13,4,1
614,321,2025-02-20 14:08:02,2025-02-20 14:08:32,1,0,14,5,1
615,321,2025-02-20 14:08:32,2025-02-20 14:09:53,1,0,15,5,1
616,335,2025-02-20 14:08:34,2025-02-20 14:09:19,3,1,12,4,1
617,335,2025-02-20 14:09:19,2025-02-20 14:09:28,4,1,13,4,1
618,335,2025-02-20 14:09:53,2025-02-20 14:10:23,1,0,14,5,1
619,321,2025-02-20 14:10:23,2025-02-20 14:10:40,6,0,16,5,1
620,335,2025-02-20 14:10:40,2025-02-20 14:12:01,1,0,15,5,1
621,321,2025-02-20 14:10:40,2025-02-20 14:11:05,7,1,17,6,1
622,321,2025-02-20 14:11:05,2025-02-20 14:11:39,8,1,18,6,1
623,321,2025-02-20 14:11:39,2025-02-20 14:12:41,3,1,19,6,1
624,335,2025-02-20 14:12:01,2025-02-20 14:12:18,6,0,16,5,1
625,335,2025-02-20 14:12:18,2025-02-20 14:12:35,6,0,16,5,1
626,335,2025-02-20 14:12:42,2025-02-20 14:13:07,7,1,17,6,1
627,321,2025-02-20 14:13:07,2025-02-20 14:13:12,4,1,20,6,1
628,321,2025-02-20 14:13:12,2025-02-20 14:13:20,-1,-1,21,7,1
629,335,2025-02-20 14:13:13,2025-02-20 14:13:47,8,1,18,6,1
630,321,2025-02-20 14:13:20,2025-02-20 14:13:30,-1,2,22,8,1
631,321,2025-02-20 14:13:30,2025-02-20 14:13:49,0,0,23,0,1
632,335,2025-02-20 14:13:47,2025-02-20 14:14:49,3,1,19,6,1
633,329,2025-02-20 14:13:49,2025-02-20 14:14:04,0,0,0,0,1
634,329,2025-02-20 14:14:04,2025-02-20 14:14:44,1,0,1,1,1
635,335,2025-02-20 14:14:49,2025-02-20 14:14:54,4,1,20,6,1
636,335,2025-02-20 14:14:54,2025-02-20 14:15:02,-1,-1,21,7,1
637,322,2025-02-20 14:15:02,2025-02-20 14:15:17,0,0,0,0,1
638,322,2025-02-20 14:15:17,2025-02-20 14:15:57,1,0,1,1,1
639,329,2025-02-20 14:15:58,2025-02-20 14:16:38,1,0,1,1,1
640,329,2025-02-20 14:16:38,2025-02-20 14:16:57,0,0,23,0,1
641,322,2025-02-20 14:16:39,2025-02-20 14:17:35,2,0,2,1,1
642,322,2025-02-20 14:17:35,2025-02-20 14:17:49,2,0,3,1,1
643,329,2025-02-20 14:17:49,2025-02-20 14:18:45,2,0,2,1,1
644,322,2025-02-20 14:18:45,2025-02-20 14:19:28,2,0,4,1,1
645,329,2025-02-20 14:19:28,2025-02-20 14:19:42,2,0,3,1,1
646,322,2025-02-20 14:19:42,2025-02-20 14:20:39,2,0,5,1,1
647,329,2025-02-20 14:20:39,2025-02-20 14:21:22,2,0,4,1,1
648,322,2025-02-20 14:21:22,2025-02-20 14:22:00,2,0,6,1,1
649,322,2025-02-20 14:22:00,2025-02-20 14:22:02,3,1,7,2,1
650,329,2025-02-20 14:22:01,2025-02-20 14:22:58,2,0,5,1,1
651,322,2025-02-20 14:22:02,2025-02-20 14:22:34,1,0,8,3,1
652,322,2025-02-20 14:22:34,2025-02-20 14:23:35,3,0,9,3,1
653,329,2025-02-20 14:22:58,2025-02-20 14:23:36,2,0,6,1,1
654,322,2025-02-20 14:23:35,2025-02-20 14:23:55,4,0,10,3,1
655,329,2025-02-20 14:23:36,2025-02-20 14:24:14,2,0,6,1,1
656,329,2025-02-20 14:24:14,2025-02-20 14:24:16,3,1,7,2,1
657,329,2025-02-20 14:24:16,2025-02-20 14:24:48,1,0,8,3,1
658,322,2025-02-20 14:24:48,2025-02-20 14:25:31,5,0,11,3,1
659,329,2025-02-20 14:25:31,2025-02-20 14:26:03,1,0,8,3,1
660,322,2025-02-20 14:25:31,2025-02-20 14:26:16,3,1,12,4,1
661,329,2025-02-20 14:26:03,2025-02-20 14:27:04,3,0,9,3,1
662,322,2025-02-20 14:26:16,2025-02-20 14:26:25,4,1,13,4,1
663,322,2025-02-20 14:26:25,2025-02-20 14:26:55,1,0,14,5,1
664,322,2025-02-20 14:26:55,2025-02-20 14:28:16,1,0,15,5,1
665,329,2025-02-20 14:27:04,2025-02-20 14:27:24,4,0,10,3,1
666,329,2025-02-20 14:27:24,2025-02-20 14:28:07,5,0,11,3,1
667,329,2025-02-20 14:28:07,2025-02-20 14:28:50,5,0,11,3,1
668,322,2025-02-20 14:28:16,2025-02-20 14:28:33,6,0,16,5,1
669,322,2025-02-20 14:28:33,2025-02-20 14:28:58,7,1,17,6,1
670,329,2025-02-20 14:28:50,2025-02-20 14:29:35,3,1,12,4,1
671,322,2025-02-20 14:28:58,2025-02-20 14:29:32,8,1,18,6,1
672,322,2025-02-20 14:29:32,2025-02-20 14:30:34,3,1,19,6,1
673,329,2025-02-20 14:29:35,2025-02-20 14:29:44,4,1,13,4,1
674,329,2025-02-20 14:29:44,2025-02-20 14:30:14,1,0,14,5,1
675,329,2025-02-20 14:30:14,2025-02-20 14:31:35,1,0,15,5,1
676,322,2025-02-20 14:30:34,2025-02-20 14:30:39,4,1,20,6,1
677,322,2025-02-20 14:30:39,2025-02-20 14:30:47,-1,-1,21,7,1
678,322,2025-02-20 14:30:47,2025-02-20 14:30:57,-1,2,22,8,1
679,322,2025-02-20 14:30:57,2025-02-20 14:31:16,0,0,23,0,1
680,326,2025-02-20 14:31:16,2025-02-20 14:31:31,0,0,0,0,1
681,326,2025-02-20 14:31:31,2025-02-20 14:32:11,1,0,1,1,1
682,329,2025-02-20 14:31:35,2025-02-20 14:31:52,6,0,16,5,1
683,329,2025-02-20 14:31:52,2025-02-20 14:32:09,6,0,16,5,1
684,329,2025-02-20 14:32:09,2025-02-20 14:32:34,7,1,17,6,1
685,326,2025-02-20 14:32:11,2025-02-20 14:33:07,2,0,2,1,1
686,329,2025-02-20 14:32:34,2025-02-20 14:33:08,8,1,18,6,1
687,326,2025-02-20 14:33:07,2025-02-20 14:33:21,2,0,3,1,1
688,329,2025-02-20 14:33:08,2025-02-20 14:34:10,3,1,19,6,1
689,326,2025-02-20 14:33:21,2025-02-20 14:34:04,2,0,4,1,1
690,326,2025-02-20 14:34:04,2025-02-20 14:35:01,2,0,5,1,1
691,329,2025-02-20 14:34:10,2025-02-20 14:34:15,4,1,20,6,1
692,329,2025-02-20 14:34:15,2025-02-20 14:34:23,-1,-1,21,7,1
693,334,2025-02-20 14:34:23,2025-02-20 14:34:38,0,0,0,0,1
694,334,2025-02-20 14:34:38,2025-02-20 14:34:57,0,0,23,0,1
695,334,2025-02-20 14:35:01,2025-02-20 14:35:41,1,0,1,1,1
696,326,2025-02-20 14:35:42,2025-02-20 14:36:20,2,0,6,1,1
697,326,2025-02-20 14:36:20,2025-02-20 14:36:22,3,1,7,2,1
698,334,2025-02-20 14:36:21,2025-02-20 14:37:01,1,0,1,1,1
699,326,2025-02-20 14:36:22,2025-02-20 14:36:54,1,0,8,3,1
700,326,2025-02-20 14:36:54,2025-02-20 14:37:55,3,0,9,3,1
701,334,2025-02-20 14:37:01,2025-02-20 14:37:57,2,0,2,1,1
702,326,2025-02-20 14:37:55,2025-02-20 14:38:15,4,0,10,3,1
703,334,2025-02-20 14:37:57,2025-02-20 14:38:11,2,0,3,1,1
704,334,2025-02-20 14:38:11,2025-02-20 14:38:54,2,0,4,1,1
705,326,2025-02-20 14:38:15,2025-02-20 14:38:58,5,0,11,3,1
706,334,2025-02-20 14:38:54,2025-02-20 14:39:51,2,0,5,1,1
707,326,2025-02-20 14:38:58,2025-02-20 14:39:43,3,1,12,4,1
708,326,2025-02-20 14:39:43,2025-02-20 14:39:52,4,1,13,4,1
709,334,2025-02-20 14:39:51,2025-02-20 14:40:29,2,0,6,1,1
710,326,2025-02-20 14:39:52,2025-02-20 14:40:22,1,0,14,5,1
711,326,2025-02-20 14:40:22,2025-02-20 14:41:43,1,0,15,5,1
712,334,2025-02-20 14:40:29,2025-02-20 14:41:07,2,0,6,1,1
713,334,2025-02-20 14:41:07,2025-02-20 14:41:09,3,1,7,2,1
714,334,2025-02-20 14:41:09,2025-02-20 14:41:41,1,0,8,3,1
715,334,2025-02-20 14:41:41,2025-02-20 14:42:13,1,0,8,3,1
716,326,2025-02-20 14:41:43,2025-02-20 14:42:00,6,0,16,5,1
717,326,2025-02-20 14:42:00,2025-02-20 14:42:25,7,1,17,6,1
718,334,2025-02-20 14:42:13,2025-02-20 14:43:14,3,0,9,3,1
719,326,2025-02-20 14:42:25,2025-02-20 14:42:59,8,1,18,6,1
720,326,2025-02-20 14:42:59,2025-02-20 14:44:01,3,1,19,6,1
721,334,2025-02-20 14:43:14,2025-02-20 14:43:34,4,0,10,3,1
722,334,2025-02-20 14:43:34,2025-02-20 14:44:17,5,0,11,3,1
723,326,2025-02-20 14:44:01,2025-02-20 14:44:06,4,1,20,6,1
724,326,2025-02-20 14:44:06,2025-02-20 14:44:14,-1,-1,21,7,1
725,326,2025-02-20 14:44:14,2025-02-20 14:44:24,-1,2,22,8,1
726,334,2025-02-20 14:44:17,2025-02-20 14:45:00,5,0,11,3,1
727,326,2025-02-20 14:44:24,2025-02-20 14:44:43,0,0,23,0,1
728,333,2025-02-20 14:44:43,2025-02-20 14:44:58,0,0,0,0,1
729,333,2025-02-20 14:44:58,2025-02-20 14:45:38,1,0,1,1,1
730,334,2025-02-20 14:45:00,2025-02-20 14:45:45,3,1,12,4,1
731,333,2025-02-20 14:45:38,2025-02-20 14:46:34,2,0,2,1,1
732,334,2025-02-20 14:45:45,2025-02-20 14:45:54,4,1,13,4,1
733,334,2025-02-20 14:45:54,2025-02-20 14:46:24,1,0,14,5,1
734,334,2025-02-20 14:46:24,2025-02-20 14:47:45,1,0,15,5,1
735,333,2025-02-20 14:46:34,2025-02-20 14:46:48,2,0,3,1,1
736,333,2025-02-20 14:46:48,2025-02-20 14:47:31,2,0,4,1,1
737,333,2025-02-20 14:47:31,2025-02-20 14:48:28,2,0,5,1,1
738,334,2025-02-20 14:47:45,2025-02-20 14:48:02,6,0,16,5,1
739,334,2025-02-20 14:48:02,2025-02-20 14:48:19,6,0,16,5,1
740,334,2025-02-20 14:48:19,2025-02-20 14:48:44,7,1,17,6,1
741,333,2025-02-20 14:48:28,2025-02-20 14:49:06,2,0,6,1,1
742,334,2025-02-20 14:48:44,2025-02-20 14:49:18,8,1,18,6,1
743,333,2025-02-20 14:49:06,2025-02-20 14:49:08,3,1,7,2,1
744,333,2025-02-20 14:49:08,2025-02-20 14:49:40,1,0,8,3,1
745,334,2025-02-20 14:49:18,2025-02-20 14:50:20,3,1,19,6,1
746,333,2025-02-20 14:49:40,2025-02-20 14:50:41,3,0,9,3,1
747,334,2025-02-20 14:50:20,2025-02-20 14:50:25,4,1,20,6,1
748,334,2025-02-20 14:50:25,2025-02-20 14:50:33,-1,-1,21,7,1
749,328,2025-02-20 14:50:33,2025-02-20 14:50:48,0,0,0,0,1
750,333,2025-02-20 14:50:41,2025-02-20 14:51:01,4,0,10,3,1
751,328,2025-02-20 14:50:48,2025-02-20 14:51:07,0,0,23,0,1
752,333,2025-02-20 14:51:01,2025-02-20 14:51:44,5,0,11,3,1
753,328,2025-02-20 14:51:07,2025-02-20 14:51:47,1,0,1,1,1
754,333,2025-02-20 14:51:44,2025-02-20 14:52:29,3,1,12,4,1
755,328,2025-02-20 14:51:47,2025-02-20 14:52:27,1,0,1,1,1
756,328,2025-02-20 14:52:27,2025-02-20 14:53:23,2,0,2,1,1
757,333,2025-02-20 14:52:29,2025-02-20 14:52:38,4,1,13,4,1
758,333,2025-02-20 14:52:38,2025-02-20 14:53:08,1,0,14,5,1
759,333,2025-02-20 14:53:08,2025-02-20 14:54:29,1,0,15,5,1
760,328,2025-02-20 14:53:23,2025-02-20 14:53:37,2,0,3,1,1
761,328,2025-02-20 14:53:37,2025-02-20 14:54:20,2,0,4,1,1
762,328,2025-02-20 14:54:20,2025-02-20 14:55:17,2,0,5,1,1
763,333,2025-02-20 14:54:29,2025-02-20 14:54:46,6,0,16,5,1
764,333,2025-02-20 14:54:46,2025-02-20 14:55:11,7,1,17,6,1
765,333,2025-02-20 14:55:11,2025-02-20 14:55:45,8,1,18,6,1
766,328,2025-02-20 14:55:17,2025-02-20 14:55:55,2,0,6,1,1
767,333,2025-02-20 14:55:45,2025-02-20 14:56:47,3,1,19,6,1
768,328,2025-02-20 14:55:55,2025-02-20 14:56:33,2,0,6,1,1
769,328,2025-02-20 14:56:33,2025-02-20 14:56:35,3,1,7,2,1
770,328,2025-02-20 14:56:35,2025-02-20 14:57:07,1,0,8,3,1
771,333,2025-02-20 14:56:47,2025-02-20 14:56:52,4,1,20,6,1
772,333,2025-02-20 14:56:52,2025-02-20 14:57:00,-1,-1,21,7,1
773,333,2025-02-20 14:57:00,2025-02-20 14:57:10,-1,2,22,8,1
774,328,2025-02-20 14:57:07,2025-02-20 14:57:39,1,0,8,3,1
775,333,2025-02-20 14:57:10,2025-02-20 14:57:29,0,0,23,0,1
776,331,2025-02-20 14:57:29,2025-02-20 14:57:44,0,0,0,0,1
777,328,2025-02-20 14:57:39,2025-02-20 14:58:40,3,0,9,3,1
778,331,2025-02-20 14:57:44,2025-02-20 14:58:24,1,0,1,1,1
779,331,2025-02-20 14:58:24,2025-02-20 14:59:04,1,0,1,1,1
780,328,2025-02-20 14:58:40,2025-02-20 14:59:00,4,0,10,3,1
781,328,2025-02-20 14:59:00,2025-02-20 14:59:43,5,0,11,3,1
782,331,2025-02-20 14:59:04,2025-02-20 14:59:23,0,0,23,0,1
783,331,2025-02-20 14:59:23,2025-02-20 15:00:19,2,0,2,1,1
784,328,2025-02-20 14:59:43,2025-02-20 15:00:26,5,0,11,3,1
785,331,2025-02-20 15:00:19,2025-02-20 15:00:33,2,0,3,1,1
786,328,2025-02-20 15:00:26,2025-02-20 15:01:11,3,1,12,4,1
787,331,2025-02-20 15:00:33,2025-02-20 15:01:16,2,0,4,1,1
788,328,2025-02-20 15:01:11,2025-02-20 15:01:20,4,1,13,4,1
789,331,2025-02-20 15:01:16,2025-02-20 15:02:13,2,0,5,1,1
790,328,2025-02-20 15:01:20,2025-02-20 15:01:50,1,0,14,5,1
791,328,2025-02-20 15:01:50,2025-02-20 15:03:11,1,0,15,5,1
792,331,2025-02-20 15:02:13,2025-02-20 15:02:51,2,0,6,1,1
793,331,2025-02-20 15:02:51,2025-02-20 15:03:29,2,0,6,1,1
794,328,2025-02-20 15:03:11,2025-02-20 15:03:28,6,0,16,5,1
795,328,2025-02-20 15:03:28,2025-02-20 15:03:45,6,0,16,5,1
796,331,2025-02-20 15:03:29,2025-02-20 15:03:31,3,1,7,2,1
797,331,2025-02-20 15:03:31,2025-02-20 15:04:03,1,0,8,3,1
798,328,2025-02-20 15:03:45,2025-02-20 15:04:10,7,1,17,6,1
799,331,2025-02-20 15:04:03,2025-02-20 15:04:35,1,0,8,3,1
800,328,2025-02-20 15:04:10,2025-02-20 15:04:44,8,1,18,6,1
801,331,2025-02-20 15:04:35,2025-02-20 15:05:36,3,0,9,3,1
802,328,2025-02-20 15:04:44,2025-02-20 15:05:46,3,1,19,6,1
803,331,2025-02-20 15:05:36,2025-02-20 15:05:56,4,0,10,3,1
804,328,2025-02-20 15:05:46,2025-02-20 15:05:51,4,1,20,6,1
805,328,2025-02-20 15:05:51,2025-02-20 15:05:59,-1,-1,21,7,1
806,331,2025-02-20 15:05:56,2025-02-20 15:06:39,5,0,11,3,1
807,324,2025-02-20 15:05:59,2025-02-20 15:06:14,0,0,0,0,1
808,324,2025-02-20 15:06:14,2025-02-20 15:06:54,1,0,1,1,1
809,331,2025-02-20 15:06:39,2025-02-20 15:07:22,5,0,11,3,1
810,324,2025-02-20 15:06:54,2025-02-20 15:07:50,2,0,2,1,1
811,331,2025-02-20 15:07:22,2025-02-20 15:08:07,3,1,12,4,1
812,324,2025-02-20 15:07:50,2025-02-20 15:08:04,2,0,3,1,1
813,324,2025-02-20 15:08:04,2025-02-20 15:08:47,2,0,4,1,1
814,331,2025-02-20 15:08:07,2025-02-20 15:08:16,4,1,13,4,1
815,331,2025-02-20 15:08:16,2025-02-20 15:08:46,1,0,14,5,1
816,331,2025-02-20 15:08:46,2025-02-20 15:10:07,1,0,15,5,1
817,324,2025-02-20 15:08:47,2025-02-20 15:09:44,2,0,5,1,1
818,324,2025-02-20 15:09:44,2025-02-20 15:10:22,2,0,6,1,1
819,331,2025-02-20 15:10:07,2025-02-20 15:10:24,6,0,16,5,1
820,324,2025-02-20 15:10:22,2025-02-20 15:10:24,3,1,7,2,1
821,324,2025-02-20 15:10:24,2025-02-20 15:10:56,1,0,8,3,1
822,331,2025-02-20 15:10:24,2025-02-20 15:10:41,6,0,16,5,1
823,331,2025-02-20 15:10:41,2025-02-20 15:11:06,7,1,17,6,1
824,324,2025-02-20 15:10:56,2025-02-20 15:11:57,3,0,9,3,1
825,331,2025-02-20 15:11:06,2025-02-20 15:11:40,8,1,18,6,1
826,331,2025-02-20 15:11:40,2025-02-20 15:12:42,3,1,19,6,1
827,324,2025-02-20 15:11:57,2025-02-20 15:12:17,4,0,10,3,1
828,324,2025-02-20 15:12:17,2025-02-20 15:13:00,5,0,11,3,1
829,331,2025-02-20 15:12:42,2025-02-20 15:12:47,4,1,20,6,1
830,331,2025-02-20 15:12:47,2025-02-20 15:12:55,-1,-1,21,7,1
831,336,2025-02-20 15:12:55,2025-02-20 15:13:10,0,0,0,0,1
832,324,2025-02-20 15:13:00,2025-02-20 15:13:45,3,1,12,4,1
833,336,2025-02-20 15:13:10,2025-02-20 15:13:50,1,0,1,1,1
834,324,2025-02-20 15:13:45,2025-02-20 15:13:54,4,1,13,4,1
835,336,2025-02-20 15:13:50,2025-02-20 15:14:46,2,0,2,1,1
836,324,2025-02-20 15:13:54,2025-02-20 15:14:24,1,0,14,5,1
837,324,2025-02-20 15:14:24,2025-02-20 15:15:45,1,0,15,5,1
838,336,2025-02-20 15:14:46,2025-02-20 15:15:00,2,0,3,1,1
839,336,2025-02-20 15:15:00,2025-02-20 15:15:43,2,0,4,1,1
840,336,2025-02-20 15:15:43,2025-02-20 15:16:40,2,0,5,1,1
841,324,2025-02-20 15:15:45,2025-02-20 15:16:02,6,0,16,5,1
842,324,2025-02-20 15:16:02,2025-02-20 15:16:27,7,1,17,6,1
843,324,2025-02-20 15:16:27,2025-02-20 15:17:01,8,1,18,6,1
844,336,2025-02-20 15:16:40,2025-02-20 15:17:18,2,0,6,1,1
845,324,2025-02-20 15:17:01,2025-02-20 15:18:03,3,1,19,6,1
846,336,2025-02-20 15:17:18,2025-02-20 15:17:20,3,1,7,2,1
847,336,2025-02-20 15:17:20,2025-02-20 15:17:52,1,0,8,3,1
848,336,2025-02-20 15:17:52,2025-02-20 15:18:53,3,0,9,3,1
849,324,2025-02-20 15:18:03,2025-02-20 15:18:08,4,1,20,6,1
850,324,2025-02-20 15:18:08,2025-02-20 15:18:16,-1,-1,21,7,1
851,324,2025-02-20 15:18:16,2025-02-20 15:18:26,-1,2,22,8,1
852,324,2025-02-20 15:18:26,2025-02-20 15:18:45,0,0,23,0,1
853,332,2025-02-20 15:18:45,2025-02-20 15:19:00,0,0,0,0,1
854,336,2025-02-20 15:18:53,2025-02-20 15:19:13,4,0,10,3,1
855,332,2025-02-20 15:19:00,2025-02-20 15:19:40,1,0,1,1,1
856,336,2025-02-20 15:19:13,2025-02-20 15:19:56,5,0,11,3,1
857,332,2025-02-20 15:19:40,2025-02-20 15:20:36,2,0,2,1,1
858,336,2025-02-20 15:19:56,2025-02-20 15:20:41,3,1,12,4,1
859,332,2025-02-20 15:20:36,2025-02-20 15:20:50,2,0,3,1,1
860,336,2025-02-20 15:20:41,2025-02-20 15:20:50,4,1,13,4,1
861,332,2025-02-20 15:20:50,2025-02-20 15:21:33,2,0,4,1,1
862,336,2025-02-20 15:20:50,2025-02-20 15:21:20,1,0,14,5,1
863,336,2025-02-20 15:21:20,2025-02-20 15:22:41,1,0,15,5,1
864,332,2025-02-20 15:21:33,2025-02-20 15:22:30,2,0,5,1,1
865,332,2025-02-20 15:22:30,2025-02-20 15:23:08,2,0,6,1,1
866,336,2025-02-20 15:22:41,2025-02-20 15:22:58,6,0,16,5,1
867,336,2025-02-20 15:22:58,2025-02-20 15:23:23,7,1,17,6,1
868,332,2025-02-20 15:23:08,2025-02-20 15:23:10,3,1,7,2,1
869,332,2025-02-20 15:23:10,2025-02-20 15:23:42,1,0,8,3,1
870,336,2025-02-20 15:23:23,2025-02-20 15:23:57,8,1,18,6,1
871,332,2025-02-20 15:23:42,2025-02-20 15:24:43,3,0,9,3,1
872,336,2025-02-20 15:23:57,2025-02-20 15:24:59,3,1,19,6,1
873,332,2025-02-20 15:24:43,2025-02-20 15:25:03,4,0,10,3,1
874,336,2025-02-20 15:24:59,2025-02-20 15:25:04,4,1,20,6,1
875,332,2025-02-20 15:25:03,2025-02-20 15:25:46,5,0,11,3,1
876,336,2025-02-20 15:25:04,2025-02-20 15:25:12,-1,-1,21,7,1
877,336,2025-02-20 15:25:12,2025-02-20 15:25:22,-1,2,22,8,1
878,336,2025-02-20 15:25:22,2025-02-20 15:25:41,0,0,23,0,1
879,323,2025-02-20 15:25:41,2025-02-20 15:25:56,0,0,0,0,1
880,332,2025-02-20 15:25:46,2025-02-20 15:26:31,3,1,12,4,1
881,323,2025-02-20 15:25:56,2025-02-20 15:26:36,1,0,1,1,1
882,332,2025-02-20 15:26:31,2025-02-20 15:26:40,4,1,13,4,1
883,323,2025-02-20 15:26:36,2025-02-20 15:27:32,2,0,2,1,1
884,332,2025-02-20 15:26:40,2025-02-20 15:27:10,1,0,14,5,1
885,332,2025-02-20 15:27:10,2025-02-20 15:28:31,1,0,15,5,1
886,323,2025-02-20 15:27:32,2025-02-20 15:27:46,2,0,3,1,1
887,323,2025-02-20 15:27:46,2025-02-20 15:28:29,2,0,4,1,1
888,323,2025-02-20 15:28:29,2025-02-20 15:29:26,2,0,5,1,1
889,332,2025-02-20 15:28:31,2025-02-20 15:28:48,6,0,16,5,1
890,332,2025-02-20 15:28:48,2025-02-20 15:29:13,7,1,17,6,1
891,332,2025-02-20 15:29:13,2025-02-20 15:29:47,8,1,18,6,1
892,323,2025-02-20 15:29:26,2025-02-20 15:30:04,2,0,6,1,1
893,332,2025-02-20 15:29:47,2025-02-20 15:30:49,3,1,19,6,1
894,323,2025-02-20 15:30:04,2025-02-20 15:30:06,3,1,7,2,1
895,323,2025-02-20 15:30:06,2025-02-20 15:30:38,1,0,8,3,1
896,323,2025-02-20 15:30:38,2025-02-20 15:31:39,3,0,9,3,1
897,332,2025-02-20 15:30:49,2025-02-20 15:30:54,4,1,20,6,1
898,332,2025-02-20 15:30:54,2025-02-20 15:31:02,-1,-1,21,7,1
899,332,2025-02-20 15:31:02,2025-02-20 15:31:12,-1,2,22,8,1
900,332,2025-02-20 15:31:12,2025-02-20 15:31:31,0,0,23,0,1
901,327,2025-02-20 15:31:31,2025-02-20 15:31:46,0,0,0,0,1
902,323,2025-02-20 15:31:39,2025-02-20 15:31:59,4,0,10,3,1
903,327,2025-02-20 15:31:46,2025-02-20 15:32:26,1,0,1,1,1
904,323,2025-02-20 15:31:59,2025-02-20 15:32:42,5,0,11,3,1
905,327,2025-02-20 15:32:26,2025-02-20 15:33:22,2,0,2,1,1
906,323,2025-02-20 15:32:42,2025-02-20 15:33:27,3,1,12,4,1
907,327,2025-02-20 15:33:22,2025-02-20 15:33:36,2,0,3,1,1
908,323,2025-02-20 15:33:27,2025-02-20 15:33:36,4,1,13,4,1
909,327,2025-02-20 15:33:36,2025-02-20 15:34:19,2,0,4,1,1
910,323,2025-02-20 15:33:36,2025-02-20 15:34:06,1,0,14,5,1
911,323,2025-02-20 15:34:06,2025-02-20 15:35:27,1,0,15,5,1
912,327,2025-02-20 15:34:19,2025-02-20 15:35:16,2,0,5,1,1
913,327,2025-02-20 15:35:16,2025-02-20 15:35:54,2,0,6,1,1
914,323,2025-02-20 15:35:27,2025-02-20 15:35:44,6,0,16,5,1
915,323,2025-02-20 15:35:44,2025-02-20 15:36:09,7,1,17,6,1
916,327,2025-02-20 15:35:54,2025-02-20 15:35:56,3,1,7,2,1
917,327,2025-02-20 15:35:56,2025-02-20 15:36:28,1,0,8,3,1
918,323,2025-02-20 15:36:09,2025-02-20 15:36:43,8,1,18,6,1
919,327,2025-02-20 15:36:28,2025-02-20 15:37:29,3,0,9,3,1
920,323,2025-02-20 15:36:43,2025-02-20 15:37:45,3,1,19,6,1
921,327,2025-02-20 15:37:29,2025-02-20 15:37:49,4,0,10,3,1
922,323,2025-02-20 15:37:45,2025-02-20 15:37:50,4,1,20,6,1
923,327,2025-02-20 15:37:49,2025-02-20 15:38:32,5,0,11,3,1
924,323,2025-02-20 15:37:50,2025-02-20 15:37:58,-1,-1,21,7,1
925,323,2025-02-20 15:37:58,2025-02-20 15:38:08,-1,2,22,8,1
926,323,2025-02-20 15:38:08,2025-02-20 15:38:27,0,0,23,0,1
927,353,2025-02-20 15:38:27,2025-02-20 15:38:42,0,0,0,0,1
928,327,2025-02-20 15:38:32,2025-02-20 15:39:17,3,1,12,4,1
929,353,2025-02-20 15:38:42,2025-02-20 15:39:22,1,0,1,1,1
930,327,2025-02-20 15:39:17,2025-02-20 15:39:26,4,1,13,4,1
931,353,2025-02-20 15:39:22,2025-02-20 15:39:41,0,0,23,0,1
932,327,2025-02-20 15:39:26,2025-02-20 15:39:56,1,0,14,5,1
933,353,2025-02-20 15:39:41,2025-02-20 15:40:21,1,0,1,1,1
934,327,2025-02-20 15:39:56,2025-02-20 15:41:17,1,0,15,5,1
935,353,2025-02-20 15:40:21,2025-02-20 15:41:17,2,0,2,1,1
936,327,2025-02-20 15:41:17,2025-02-20 15:41:34,6,0,16,5,1
937,353,2025-02-20 15:41:17,2025-02-20 15:41:31,2,0,3,1,1
938,353,2025-02-20 15:41:31,2025-02-20 15:42:14,2,0,4,1,1
939,327,2025-02-20 15:41:34,2025-02-20 15:41:59,7,1,17,6,1
940,327,2025-02-20 15:41:59,2025-02-20 15:42:33,8,1,18,6,1
941,353,2025-02-20 15:42:14,2025-02-20 15:43:11,2,0,5,1,1
942,327,2025-02-20 15:42:33,2025-02-20 15:43:35,3,1,19,6,1
943,353,2025-02-20 15:43:11,2025-02-20 15:43:49,2,0,6,1,1
944,327,2025-02-20 15:43:35,2025-02-20 15:43:40,4,1,20,6,1
945,327,2025-02-20 15:43:40,2025-02-20 15:43:48,-1,-1,21,7,1
946,327,2025-02-20 15:43:48,2025-02-20 15:43:58,-1,2,22,8,1
947,353,2025-02-20 15:43:49,2025-02-20 15:44:27,2,0,6,1,1
948,327,2025-02-20 15:43:58,2025-02-20 15:44:17,0,0,23,0,1
949,351,2025-02-20 15:44:17,2025-02-20 15:44:32,0,0,0,0,1
950,353,2025-02-20 15:44:27,2025-02-20 15:44:29,3,1,7,2,1
951,353,2025-02-20 15:44:29,2025-02-20 15:45:01,1,0,8,3,1
952,351,2025-02-20 15:44:32,2025-02-20 15:45:12,1,0,1,1,1
953,353,2025-02-20 15:45:01,2025-02-20 15:45:33,1,0,8,3,1
954,351,2025-02-20 15:45:12,2025-02-20 15:45:52,1,0,1,1,1
955,353,2025-02-20 15:45:33,2025-02-20 15:46:34,3,0,9,3,1
956,351,2025-02-20 15:45:52,2025-02-20 15:46:48,2,0,2,1,1
957,353,2025-02-20 15:46:34,2025-02-20 15:46:54,4,0,10,3,1
958,351,2025-02-20 15:46:48,2025-02-20 15:47:02,2,0,3,1,1
959,353,2025-02-20 15:46:54,2025-02-20 15:47:37,5,0,11,3,1
960,351,2025-02-20 15:47:02,2025-02-20 15:47:21,0,0,23,0,1
961,351,2025-02-20 15:47:21,2025-02-20 15:48:04,2,0,4,1,1
962,353,2025-02-20 15:47:37,2025-02-20 15:48:20,5,0,11,3,1
963,351,2025-02-20 15:48:04,2025-02-20 15:49:01,2,0,5,1,1
964,353,2025-02-20 15:48:20,2025-02-20 15:49:05,3,1,12,4,1
965,351,2025-02-20 15:49:01,2025-02-20 15:49:39,2,0,6,1,1
966,353,2025-02-20 15:49:05,2025-02-20 15:49:14,4,1,13,4,1
967,353,2025-02-20 15:49:14,2025-02-20 15:49:44,1,0,14,5,1
968,351,2025-02-20 15:49:39,2025-02-20 15:50:17,2,0,6,1,1
969,353,2025-02-20 15:49:44,2025-02-20 15:51:05,1,0,15,5,1
970,351,2025-02-20 15:50:17,2025-02-20 15:50:19,3,1,7,2,1
971,351,2025-02-20 15:50:19,2025-02-20 15:50:51,1,0,8,3,1
972,351,2025-02-20 15:50:51,2025-02-20 15:51:23,1,0,8,3,1
973,353,2025-02-20 15:51:05,2025-02-20 15:51:22,6,0,16,5,1
974,353,2025-02-20 15:51:22,2025-02-20 15:51:39,6,0,16,5,1
975,351,2025-02-20 15:51:23,2025-02-20 15:52:24,3,0,9,3,1
976,353,2025-02-20 15:51:39,2025-02-20 15:52:04,7,1,17,6,1
977,353,2025-02-20 15:52:04,2025-02-20 15:52:38,8,1,18,6,1
978,351,2025-02-20 15:52:24,2025-02-20 15:52:44,4,0,10,3,1
979,353,2025-02-20 15:52:38,2025-02-20 15:53:40,3,1,19,6,1
980,351,2025-02-20 15:52:44,2025-02-20 15:53:27,5,0,11,3,1
981,351,2025-02-20 15:53:27,2025-02-20 15:54:10,5,0,11,3,1
982,353,2025-02-20 15:53:40,2025-02-20 15:53:45,4,1,20,6,1
983,353,2025-02-20 15:53:45,2025-02-20 15:53:53,-1,-1,21,7,1
984,337,2025-02-20 15:53:53,2025-02-20 15:54:08,0,0,0,0,1
985,337,2025-02-20 15:54:08,2025-02-20 15:54:48,1,0,1,1,1
986,351,2025-02-20 15:54:10,2025-02-20 15:54:55,3,1,12,4,1
987,337,2025-02-20 15:54:48,2025-02-20 15:55:44,2,0,2,1,1
988,351,2025-02-20 15:54:55,2025-02-20 15:55:04,4,1,13,4,1
989,351,2025-02-20 15:55:04,2025-02-20 15:55:34,1,0,14,5,1
990,351,2025-02-20 15:55:34,2025-02-20 15:56:55,1,0,15,5,1
991,337,2025-02-20 15:55:44,2025-02-20 15:55:58,2,0,3,1,1
992,337,2025-02-20 15:55:58,2025-02-20 15:56:41,2,0,4,1,1
993,337,2025-02-20 15:56:41,2025-02-20 15:57:38,2,0,5,1,1
994,351,2025-02-20 15:56:55,2025-02-20 15:57:12,6,0,16,5,1
995,351,2025-02-20 15:57:12,2025-02-20 15:57:29,6,0,16,5,1
996,351,2025-02-20 15:57:29,2025-02-20 15:57:54,7,1,17,6,1
997,337,2025-02-20 15:57:38,2025-02-20 15:58:16,2,0,6,1,1
998,351,2025-02-20 15:57:54,2025-02-20 15:58:28,8,1,18,6,1
999,337,2025-02-20 15:58:16,2025-02-20 15:58:18,3,1,7,2,1
1000,337,2025-02-20 15:58:18,2025-02-20 15:58:50,1,0,8,3,1
1001,351,2025-02-20 15:58:28,2025-02-20 15:59:30,3,1,19,6,1
1002,337,2025-02-20 15:58:50,2025-02-20 15:59:51,3,0,9,3,1
1003,351,2025-02-20 15:59:30,2025-02-20 15:59:35,4,1,20,6,1
1004,351,2025-02-20 15:59:35,2025-02-20 15:59:43,-1,-1,21,7,1
1005,340,2025-02-20 15:59:43,2025-02-20 15:59:58,0,0,0,0,1
1006,337,2025-02-20 15:59:51,2025-02-20 16:00:11,4,0,10,3,1
1007,340,2025-02-20 15:59:58,2025-02-20 16:00:38,1,0,1,1,1
1008,337,2025-02-20 16:00:11,2025-02-20 16:00:54,5,0,11,3,1
1009,340,2025-02-20 16:00:38,2025-02-20 16:01:34,2,0,2,1,1
1010,337,2025-02-20 16:00:54,2025-02-20 16:01:39,3,1,12,4,1
1011,340,2025-02-20 16:01:34,2025-02-20 16:01:48,2,0,3,1,1
1012,337,2025-02-20 16:01:39,2025-02-20 16:01:48,4,1,13,4,1
1013,340,2025-02-20 16:01:48,2025-02-20 16:02:31,2,0,4,1,1
1014,337,2025-02-20 16:01:48,2025-02-20 16:02:18,1,0,14,5,1
1015,337,2025-02-20 16:02:18,2025-02-20 16:03:39,1,0,15,5,1
1016,340,2025-02-20 16:02:31,2025-02-20 16:03:28,2,0,5,1,1
1017,340,2025-02-20 16:03:28,2025-02-20 16:04:06,2,0,6,1,1
1018,337,2025-02-20 16:03:39,2025-02-20 16:03:56,6,0,16,5,1
1019,337,2025-02-20 16:03:56,2025-02-20 16:04:21,7,1,17,6,1
1020,340,2025-02-20 16:04:06,2025-02-20 16:04:08,3,1,7,2,1
1021,340,2025-02-20 16:04:08,2025-02-20 16:04:40,1,0,8,3,1
1022,337,2025-02-20 16:04:21,2025-02-20 16:04:55,8,1,18,6,1
1023,340,2025-02-20 16:04:40,2025-02-20 16:05:41,3,0,9,3,1
1024,337,2025-02-20 16:04:55,2025-02-20 16:05:57,3,1,19,6,1
1025,340,2025-02-20 16:05:41,2025-02-20 16:06:01,4,0,10,3,1
1026,337,2025-02-20 16:05:57,2025-02-20 16:06:02,4,1,20,6,1
1027,340,2025-02-20 16:06:01,2025-02-20 16:06:44,5,0,11,3,1
1028,337,2025-02-20 16:06:02,2025-02-20 16:06:10,-1,-1,21,7,1
1029,337,2025-02-20 16:06:10,2025-02-20 16:06:20,-1,2,22,8,1
1030,337,2025-02-20 16:06:20,2025-02-20 16:06:39,0,0,23,0,1
1031,347,2025-02-20 16:06:39,2025-02-20 16:06:54,0,0,0,0,1
1032,340,2025-02-20 16:06:44,2025-02-20 16:07:29,3,1,12,4,1
1033,347,2025-02-20 16:06:54,2025-02-20 16:07:34,1,0,1,1,1
1034,340,2025-02-20 16:07:29,2025-02-20 16:07:38,4,1,13,4,1
1035,347,2025-02-20 16:07:34,2025-02-20 16:08:30,2,0,2,1,1
1036,340,2025-02-20 16:07:38,2025-02-20 16:08:08,1,0,14,5,1
1037,340,2025-02-20 16:08:08,2025-02-20 16:09:29,1,0,15,5,1
1038,347,2025-02-20 16:08:30,2025-02-20 16:08:44,2,0,3,1,1
1039,347,2025-02-20 16:08:44,2025-02-20 16:09:27,2,0,4,1,1
1040,347,2025-02-20 16:09:27,2025-02-20 16:10:24,2,0,5,1,1
1041,340,2025-02-20 16:09:29,2025-02-20 16:09:46,6,0,16,5,1
1042,340,2025-02-20 16:09:46,2025-02-20 16:10:11,7,1,17,6,1
1043,340,2025-02-20 16:10:11,2025-02-20 16:10:45,8,1,18,6,1
1044,347,2025-02-20 16:10:24,2025-02-20 16:11:02,2,0,6,1,1
1045,340,2025-02-20 16:10:45,2025-02-20 16:11:47,3,1,19,6,1
1046,347,2025-02-20 16:11:02,2025-02-20 16:11:04,3,1,7,2,1
1047,347,2025-02-20 16:11:04,2025-02-20 16:11:36,1,0,8,3,1
1048,347,2025-02-20 16:11:36,2025-02-20 16:12:37,3,0,9,3,1
1049,340,2025-02-20 16:11:47,2025-02-20 16:11:52,4,1,20,6,1
1050,340,2025-02-20 16:11:52,2025-02-20 16:12:00,-1,-1,21,7,1
1051,340,2025-02-20 16:12:00,2025-02-20 16:12:10,-1,2,22,8,1
1052,340,2025-02-20 16:12:10,2025-02-20 16:12:29,0,0,23,0,1
1053,339,2025-02-20 16:12:29,2025-02-20 16:12:44,0,0,0,0,1
1054,347,2025-02-20 16:12:37,2025-02-20 16:12:57,4,0,10,3,1
1055,339,2025-02-20 16:12:44,2025-02-20 16:13:24,1,0,1,1,1
1056,347,2025-02-20 16:12:57,2025-02-20 16:13:40,5,0,11,3,1
1057,339,2025-02-20 16:13:24,2025-02-20 16:14:20,2,0,2,1,1
1058,347,2025-02-20 16:13:40,2025-02-20 16:14:25,3,1,12,4,1
1059,339,2025-02-20 16:14:20,2025-02-20 16:14:34,2,0,3,1,1
1060,347,2025-02-20 16:14:25,2025-02-20 16:14:34,4,1,13,4,1
1061,339,2025-02-20 16:14:34,2025-02-20 16:15:17,2,0,4,1,1
1062,347,2025-02-20 16:14:34,2025-02-20 16:15:04,1,0,14,5,1
1063,347,2025-02-20 16:15:04,2025-02-20 16:16:25,1,0,15,5,1
1064,339,2025-02-20 16:15:17,2025-02-20 16:16:14,2,0,5,1,1
1065,339,2025-02-20 16:16:14,2025-02-20 16:16:52,2,0,6,1,1
1066,347,2025-02-20 16:16:25,2025-02-20 16:16:42,6,0,16,5,1
1067,347,2025-02-20 16:16:42,2025-02-20 16:17:07,7,1,17,6,1
1068,339,2025-02-20 16:16:52,2025-02-20 16:16:54,3,1,7,2,1
1069,339,2025-02-20 16:16:54,2025-02-20 16:17:26,1,0,8,3,1
1070,347,2025-02-20 16:17:07,2025-02-20 16:17:41,8,1,18,6,1
1071,339,2025-02-20 16:17:26,2025-02-20 16:18:27,3,0,9,3,1
1072,347,2025-02-20 16:17:41,2025-02-20 16:18:43,3,1,19,6,1
1073,339,2025-02-20 16:18:27,2025-02-20 16:18:47,4,0,10,3,1
1074,347,2025-02-20 16:18:43,2025-02-20 16:18:48,4,1,20,6,1
1075,339,2025-02-20 16:18:47,2025-02-20 16:19:30,5,0,11,3,1
1076,347,2025-02-20 16:18:48,2025-02-20 16:18:56,-1,-1,21,7,1
1077,347,2025-02-20 16:18:56,2025-02-20 16:19:06,-1,2,22,8,1
1078,347,2025-02-20 16:19:06,2025-02-20 16:19:25,0,0,23,0,1
1079,352,2025-02-20 16:19:25,2025-02-20 16:19:40,0,0,0,0,1
1080,339,2025-02-20 16:19:30,2025-02-20 16:20:15,3,1,12,4,1
1081,352,2025-02-20 16:19:40,2025-02-20 16:20:20,1,0,1,1,1
1082,339,2025-02-20 16:20:15,2025-02-20 16:20:24,4,1,13,4,1
1083,352,2025-02-20 16:20:20,2025-02-20 16:20:39,0,0,23,0,1
1084,339,2025-02-20 16:20:24,2025-02-20 16:20:54,1,0,14,5,1
1085,352,2025-02-20 16:20:39,2025-02-20 16:21:19,1,0,1,1,1
1086,339,2025-02-20 16:20:54,2025-02-20 16:22:15,1,0,15,5,1
1087,352,2025-02-20 16:21:19,2025-02-20 16:22:15,2,0,2,1,1
1088,339,2025-02-20 16:22:15,2025-02-20 16:22:32,6,0,16,5,1
1089,352,2025-02-20 16:22:15,2025-02-20 16:22:29,2,0,3,1,1
1090,352,2025-02-20 16:22:29,2025-02-20 16:23:12,2,0,4,1,1
1091,339,2025-02-20 16:22:32,2025-02-20 16:22:57,7,1,17,6,1
1092,339,2025-02-20 16:22:57,2025-02-20 16:23:31,8,1,18,6,1
1093,352,2025-02-20 16:23:12,2025-02-20 16:24:09,2,0,5,1,1
1094,339,2025-02-20 16:23:31,2025-02-20 16:24:33,3,1,19,6,1
1095,352,2025-02-20 16:24:09,2025-02-20 16:24:47,2,0,6,1,1
1096,339,2025-02-20 16:24:33,2025-02-20 16:24:38,4,1,20,6,1
1097,339,2025-02-20 16:24:38,2025-02-20 16:24:46,-1,-1,21,7,1
1098,339,2025-02-20 16:24:46,2025-02-20 16:24:56,-1,2,22,8,1
1099,352,2025-02-20 16:24:47,2025-02-20 16:25:25,2,0,6,1,1
1100,339,2025-02-20 16:24:56,2025-02-20 16:25:15,0,0,23,0,1
1101,343,2025-02-20 16:25:15,2025-02-20 16:25:30,0,0,0,0,1
1102,352,2025-02-20 16:25:25,2025-02-20 16:25:27,3,1,7,2,1
1103,352,2025-02-20 16:25:27,2025-02-20 16:25:59,1,0,8,3,1
1104,343,2025-02-20 16:25:30,2025-02-20 16:26:10,1,0,1,1,1
1105,352,2025-02-20 16:25:59,2025-02-20 16:26:31,1,0,8,3,1
1106,343,2025-02-20 16:26:10,2025-02-20 16:26:29,0,0,23,0,1
1107,343,2025-02-20 16:26:29,2025-02-20 16:27:09,1,0,1,1,1
1108,352,2025-02-20 16:26:31,2025-02-20 16:27:32,3,0,9,3,1
1109,343,2025-02-20 16:27:09,2025-02-20 16:28:05,2,0,2,1,1
1110,352,2025-02-20 16:27:32,2025-02-20 16:27:52,4,0,10,3,1
1111,352,2025-02-20 16:27:52,2025-02-20 16:28:35,5,0,11,3,1
1112,343,2025-02-20 16:28:05,2025-02-20 16:28:19,2,0,3,1,1
1113,343,2025-02-20 16:28:19,2025-02-20 16:29:02,2,0,4,1,1
1114,352,2025-02-20 16:28:35,2025-02-20 16:29:18,5,0,11,3,1
1115,343,2025-02-20 16:29:02,2025-02-20 16:29:59,2,0,5,1,1
1116,352,2025-02-20 16:29:18,2025-02-20 16:30:03,3,1,12,4,1
1117,343,2025-02-20 16:29:59,2025-02-20 16:30:37,2,0,6,1,1
1118,352,2025-02-20 16:30:03,2025-02-20 16:30:12,4,1,13,4,1
1119,352,2025-02-20 16:30:12,2025-02-20 16:30:42,1,0,14,5,1
1120,343,2025-02-20 16:30:37,2025-02-20 16:31:15,2,0,6,1,1
1121,352,2025-02-20 16:30:42,2025-02-20 16:32:03,1,0,15,5,1
1122,343,2025-02-20 16:31:15,2025-02-20 16:31:17,3,1,7,2,1
1123,343,2025-02-20 16:31:17,2025-02-20 16:31:49,1,0,8,3,1
1124,343,2025-02-20 16:31:49,2025-02-20 16:32:21,1,0,8,3,1
1125,352,2025-02-20 16:32:03,2025-02-20 16:32:20,6,0,16,5,1
1126,352,2025-02-20 16:32:20,2025-02-20 16:32:37,6,0,16,5,1
1127,343,2025-02-20 16:32:21,2025-02-20 16:33:22,3,0,9,3,1
1128,352,2025-02-20 16:32:37,2025-02-20 16:33:02,7,1,17,6,1
1129,352,2025-02-20 16:33:02,2025-02-20 16:33:36,8,1,18,6,1
1130,343,2025-02-20 16:33:22,2025-02-20 16:33:42,4,0,10,3,1
1131,352,2025-02-20 16:33:36,2025-02-20 16:34:38,3,1,19,6,1
1132,343,2025-02-20 16:33:42,2025-02-20 16:34:25,5,0,11,3,1
1133,343,2025-02-20 16:34:25,2025-02-20 16:35:08,5,0,11,3,1
1134,352,2025-02-20 16:34:38,2025-02-20 16:34:43,4,1,20,6,1
1135,352,2025-02-20 16:34:43,2025-02-20 16:34:51,-1,-1,21,7,1
1136,354,2025-02-20 16:34:51,2025-02-20 16:35:06,0,0,0,0,1
1137,354,2025-02-20 16:35:06,2025-02-20 16:35:46,1,0,1,1,1
1138,343,2025-02-20 16:35:08,2025-02-20 16:35:53,3,1,12,4,1
1139,354,2025-02-20 16:35:46,2025-02-20 16:36:05,0,0,23,0,1
1140,343,2025-02-20 16:35:53,2025-02-20 16:36:02,4,1,13,4,1
1141,343,2025-02-20 16:36:02,2025-02-20 16:36:32,1,0,14,5,1
1142,354,2025-02-20 16:36:05,2025-02-20 16:36:45,1,0,1,1,1
1143,343,2025-02-20 16:36:32,2025-02-20 16:37:53,1,0,15,5,1
1144,354,2025-02-20 16:36:45,2025-02-20 16:37:41,2,0,2,1,1
1145,354,2025-02-20 16:37:41,2025-02-20 16:37:55,2,0,3,1,1
1146,343,2025-02-20 16:37:53,2025-02-20 16:38:10,6,0,16,5,1
1147,354,2025-02-20 16:37:55,2025-02-20 16:38:38,2,0,4,1,1
1148,343,2025-02-20 16:38:10,2025-02-20 16:38:27,6,0,16,5,1
1149,343,2025-02-20 16:38:27,2025-02-20 16:38:52,7,1,17,6,1
1150,354,2025-02-20 16:38:38,2025-02-20 16:39:35,2,0,5,1,1
1151,343,2025-02-20 16:38:52,2025-02-20 16:39:26,8,1,18,6,1
1152,343,2025-02-20 16:39:26,2025-02-20 16:40:28,3,1,19,6,1
1153,354,2025-02-20 16:39:35,2025-02-20 16:40:13,2,0,6,1,1
1154,354,2025-02-20 16:40:13,2025-02-20 16:40:51,2,0,6,1,1
1155,343,2025-02-20 16:40:28,2025-02-20 16:40:33,4,1,20,6,1
1156,343,2025-02-20 16:40:33,2025-02-20 16:40:41,-1,-1,21,7,1
1157,338,2025-02-20 16:40:41,2025-02-20 16:40:56,0,0,0,0,1
1158,354,2025-02-20 16:40:51,2025-02-20 16:40:53,3,1,7,2,1
1159,354,2025-02-20 16:40:53,2025-02-20 16:41:25,1,0,8,3,1
1160,338,2025-02-20 16:40:56,2025-02-20 16:41:36,1,0,1,1,1
1161,354,2025-02-20 16:41:25,2025-02-20 16:41:57,1,0,8,3,1
1162,338,2025-02-20 16:41:36,2025-02-20 16:42:32,2,0,2,1,1
1163,354,2025-02-20 16:41:57,2025-02-20 16:42:58,3,0,9,3,1
1164,338,2025-02-20 16:42:32,2025-02-20 16:42:46,2,0,3,1,1
1165,338,2025-02-20 16:42:46,2025-02-20 16:43:29,2,0,4,1,1
1166,354,2025-02-20 16:42:58,2025-02-20 16:43:18,4,0,10,3,1
1167,354,2025-02-20 16:43:18,2025-02-20 16:44:01,5,0,11,3,1
1168,338,2025-02-20 16:43:29,2025-02-20 16:44:26,2,0,5,1,1
1169,354,2025-02-20 16:44:01,2025-02-20 16:44:44,5,0,11,3,1
1170,338,2025-02-20 16:44:26,2025-02-20 16:45:04,2,0,6,1,1
1171,354,2025-02-20 16:44:44,2025-02-20 16:45:29,3,1,12,4,1
1172,338,2025-02-20 16:45:04,2025-02-20 16:45:06,3,1,7,2,1
1173,338,2025-02-20 16:45:06,2025-02-20 16:45:38,1,0,8,3,1
1174,354,2025-02-20 16:45:29,2025-02-20 16:45:38,4,1,13,4,1
1175,338,2025-02-20 16:45:38,2025-02-20 16:46:39,3,0,9,3,1
1176,354,2025-02-20 16:45:38,2025-02-20 16:46:08,1,0,14,5,1
1177,354,2025-02-20 16:46:08,2025-02-20 16:47:29,1,0,15,5,1
1178,338,2025-02-20 16:46:39,2025-02-20 16:46:59,4,0,10,3,1
1179,338,2025-02-20 16:46:59,2025-02-20 16:47:42,5,0,11,3,1
1180,354,2025-02-20 16:47:29,2025-02-20 16:47:46,6,0,16,5,1
1181,338,2025-02-20 16:47:42,2025-02-20 16:48:27,3,1,12,4,1
1182,354,2025-02-20 16:47:46,2025-02-20 16:48:03,6,0,16,5,1
1183,354,2025-02-20 16:48:03,2025-02-20 16:48:28,7,1,17,6,1
1184,338,2025-02-20 16:48:27,2025-02-20 16:48:36,4,1,13,4,1
1185,354,2025-02-20 16:48:28,2025-02-20 16:49:02,8,1,18,6,1
1186,338,2025-02-20 16:48:36,2025-02-20 16:49:06,1,0,14,5,1
1187,354,2025-02-20 16:49:02,2025-02-20 16:50:04,3,1,19,6,1
1188,338,2025-02-20 16:49:06,2025-02-20 16:50:27,1,0,15,5,1
1189,354,2025-02-20 16:50:04,2025-02-20 16:50:09,4,1,20,6,1
1190,354,2025-02-20 16:50:09,2025-02-20 16:50:17,-1,-1,21,7,1
1191,349,2025-02-20 16:50:17,2025-02-20 16:50:32,0,0,0,0,1
1192,338,2025-02-20 16:50:27,2025-02-20 16:50:44,6,0,16,5,1
1193,349,2025-02-20 16:50:32,2025-02-20 16:51:12,1,0,1,1,1
1194,338,2025-02-20 16:50:44,2025-02-20 16:51:09,7,1,17,6,1
1195,338,2025-02-20 16:51:09,2025-02-20 16:51:43,8,1,18,6,1
1196,349,2025-02-20 16:51:12,2025-02-20 16:52:08,2,0,2,1,1
1197,338,2025-02-20 16:51:43,2025-02-20 16:52:45,3,1,19,6,1
1198,349,2025-02-20 16:52:08,2025-02-20 16:52:22,2,0,3,1,1
1199,349,2025-02-20 16:52:22,2025-02-20 16:53:05,2,0,4,1,1
1200,338,2025-02-20 16:52:45,2025-02-20 16:52:50,4,1,20,6,1
1201,338,2025-02-20 16:52:50,2025-02-20 16:52:58,-1,-1,21,7,1
1202,338,2025-02-20 16:52:58,2025-02-20 16:53:08,-1,2,22,8,1
1203,338,2025-02-20 16:53:08,2025-02-20 16:53:27,0,0,23,0,1
1204,345,2025-02-20 16:53:27,2025-02-20 16:53:42,0,0,0,0,1
1205,345,2025-02-20 16:53:42,2025-02-20 16:54:22,1,0,1,1,1
1206,349,2025-02-20 16:54:23,2025-02-20 16:55:20,2,0,5,1,1
1207,345,2025-02-20 16:55:20,2025-02-20 16:56:00,1,0,1,1,1
1208,349,2025-02-20 16:56:01,2025-02-20 16:56:39,2,0,6,1,1
1209,349,2025-02-20 16:56:39,2025-02-20 16:56:41,3,1,7,2,1
1210,345,2025-02-20 16:56:40,2025-02-20 16:57:36,2,0,2,1,1
1211,349,2025-02-20 16:56:41,2025-02-20 16:57:13,1,0,8,3,1
1212,349,2025-02-20 16:57:13,2025-02-20 16:58:14,3,0,9,3,1
1213,345,2025-02-20 16:57:36,2025-02-20 16:57:55,0,0,23,0,1
1214,345,2025-02-20 16:57:55,2025-02-20 16:58:09,2,0,3,1,1
1215,345,2025-02-20 16:58:09,2025-02-20 16:58:52,2,0,4,1,1
1216,349,2025-02-20 16:58:14,2025-02-20 16:58:34,4,0,10,3,1
1217,349,2025-02-20 16:58:34,2025-02-20 16:59:17,5,0,11,3,1
1218,345,2025-02-20 16:58:52,2025-02-20 16:59:49,2,0,5,1,1
1219,349,2025-02-20 16:59:17,2025-02-20 17:00:02,3,1,12,4,1
1220,345,2025-02-20 16:59:49,2025-02-20 17:00:27,2,0,6,1,1
1221,349,2025-02-20 17:00:02,2025-02-20 17:00:11,4,1,13,4,1
1222,349,2025-02-20 17:00:11,2025-02-20 17:00:41,1,0,14,5,1
1223,345,2025-02-20 17:00:27,2025-02-20 17:01:05,2,0,6,1,1
1224,349,2025-02-20 17:00:41,2025-02-20 17:02:02,1,0,15,5,1
1225,345,2025-02-20 17:01:05,2025-02-20 17:01:07,3,1,7,2,1
1226,345,2025-02-20 17:01:07,2025-02-20 17:01:39,1,0,8,3,1
1227,345,2025-02-20 17:01:39,2025-02-20 17:02:11,1,0,8,3,1
1228,349,2025-02-20 17:02:02,2025-02-20 17:02:19,6,0,16,5,1
1229,345,2025-02-20 17:02:11,2025-02-20 17:03:12,3,0,9,3,1
1230,349,2025-02-20 17:02:19,2025-02-20 17:02:44,7,1,17,6,1
1231,349,2025-02-20 17:02:44,2025-02-20 17:03:18,8,1,18,6,1
1232,345,2025-02-20 17:03:12,2025-02-20 17:03:32,4,0,10,3,1
1233,349,2025-02-20 17:03:18,2025-02-20 17:04:20,3,1,19,6,1
1234,345,2025-02-20 17:03:32,2025-02-20 17:04:15,5,0,11,3,1
1235,345,2025-02-20 17:04:15,2025-02-20 17:04:58,5,0,11,3,1
1236,349,2025-02-20 17:04:20,2025-02-20 17:04:25,4,1,20,6,1
1237,349,2025-02-20 17:04:25,2025-02-20 17:04:33,-1,-1,21,7,1
1238,349,2025-02-20 17:04:33,2025-02-20 17:04:43,-1,2,22,8,1
1239,349,2025-02-20 17:04:43,2025-02-20 17:05:02,0,0,23,0,1
1240,345,2025-02-20 17:04:58,2025-02-20 17:05:43,3,1,12,4,1
1241,342,2025-02-20 17:05:02,2025-02-20 17:05:17,0,0,0,0,1
1242,342,2025-02-20 17:05:17,2025-02-20 17:05:57,1,0,1,1,1
1243,345,2025-02-20 17:05:43,2025-02-20 17:05:52,4,1,13,4,1
1244,345,2025-02-20 17:05:52,2025-02-20 17:06:22,1,0,14,5,1
1245,342,2025-02-20 17:05:57,2025-02-20 17:06:16,0,0,23,0,1
1246,342,2025-02-20 17:06:16,2025-02-20 17:06:56,1,0,1,1,1
1247,345,2025-02-20 17:06:22,2025-02-20 17:07:43,1,0,15,5,1
1248,342,2025-02-20 17:06:56,2025-02-20 17:07:52,2,0,2,1,1
1249,345,2025-02-20 17:07:43,2025-02-20 17:08:00,6,0,16,5,1
1250,342,2025-02-20 17:07:52,2025-02-20 17:08:06,2,0,3,1,1
1251,345,2025-02-20 17:08:00,2025-02-20 17:08:17,6,0,16,5,1
1252,342,2025-02-20 17:08:06,2025-02-20 17:08:49,2,0,4,1,1
1253,345,2025-02-20 17:08:17,2025-02-20 17:08:42,7,1,17,6,1
1254,345,2025-02-20 17:08:42,2025-02-20 17:09:16,8,1,18,6,1
1255,342,2025-02-20 17:08:49,2025-02-20 17:09:46,2,0,5,1,1
1256,345,2025-02-20 17:09:16,2025-02-20 17:10:18,3,1,19,6,1
1257,342,2025-02-20 17:09:46,2025-02-20 17:10:24,2,0,6,1,1
1258,345,2025-02-20 17:10:18,2025-02-20 17:10:23,4,1,20,6,1
1259,345,2025-02-20 17:10:23,2025-02-20 17:10:31,-1,-1,21,7,1
1260,342,2025-02-20 17:10:24,2025-02-20 17:11:02,2,0,6,1,1
1261,355,2025-02-20 17:10:31,2025-02-20 17:10:46,0,0,0,0,1
1262,355,2025-02-20 17:10:46,2025-02-20 17:11:05,0,0,23,0,1
1263,342,2025-02-20 17:11:02,2025-02-20 17:11:04,3,1,7,2,1
1264,342,2025-02-20 17:11:04,2025-02-20 17:11:36,1,0,8,3,1
1265,355,2025-02-20 17:11:05,2025-02-20 17:11:45,1,0,1,1,1
1266,342,2025-02-20 17:11:36,2025-02-20 17:12:08,1,0,8,3,1
1267,355,2025-02-20 17:11:45,2025-02-20 17:12:25,1,0,1,1,1
1268,342,2025-02-20 17:12:08,2025-02-20 17:13:09,3,0,9,3,1
1269,355,2025-02-20 17:12:25,2025-02-20 17:13:21,2,0,2,1,1
1270,342,2025-02-20 17:13:09,2025-02-20 17:13:29,4,0,10,3,1
1271,355,2025-02-20 17:13:21,2025-02-20 17:13:35,2,0,3,1,1
1272,342,2025-02-20 17:13:29,2025-02-20 17:14:12,5,0,11,3,1
1273,355,2025-02-20 17:13:35,2025-02-20 17:14:18,2,0,4,1,1
1274,342,2025-02-20 17:14:12,2025-02-20 17:14:55,5,0,11,3,1
1275,355,2025-02-20 17:14:18,2025-02-20 17:15:15,2,0,5,1,1
1276,342,2025-02-20 17:14:55,2025-02-20 17:15:40,3,1,12,4,1
1277,355,2025-02-20 17:15:15,2025-02-20 17:15:53,2,0,6,1,1
1278,342,2025-02-20 17:15:40,2025-02-20 17:15:49,4,1,13,4,1
1279,342,2025-02-20 17:15:49,2025-02-20 17:16:19,1,0,14,5,1
1280,355,2025-02-20 17:15:53,2025-02-20 17:16:31,2,0,6,1,1
1281,342,2025-02-20 17:16:19,2025-02-20 17:17:40,1,0,15,5,1
1282,355,2025-02-20 17:16:31,2025-02-20 17:16:33,3,1,7,2,1
1283,355,2025-02-20 17:16:33,2025-02-20 17:17:05,1,0,8,3,1
1284,355,2025-02-20 17:17:05,2025-02-20 17:17:37,1,0,8,3,1
1285,355,2025-02-20 17:17:37,2025-02-20 17:18:38,3,0,9,3,1
1286,342,2025-02-20 17:17:40,2025-02-20 17:17:57,6,0,16,5,1
1287,342,2025-02-20 17:17:57,2025-02-20 17:18:14,6,0,16,5,1
1288,342,2025-02-20 17:18:14,2025-02-20 17:18:39,7,1,17,6,1
1289,355,2025-02-20 17:18:38,2025-02-20 17:18:58,4,0,10,3,1
1290,342,2025-02-20 17:18:39,2025-02-20 17:19:13,8,1,18,6,1
1291,355,2025-02-20 17:18:58,2025-02-20 17:19:41,5,0,11,3,1
1292,342,2025-02-20 17:19:13,2025-02-20 17:20:15,3,1,19,6,1
1293,355,2025-02-20 17:19:41,2025-02-20 17:20:24,5,0,11,3,1
1294,342,2025-02-20 17:20:15,2025-02-20 17:20:20,4,1,20,6,1
1295,342,2025-02-20 17:20:20,2025-02-20 17:20:28,-1,-1,21,7,1
1296,355,2025-02-20 17:20:24,2025-02-20 17:21:09,3,1,12,4,1
1297,346,2025-02-20 17:20:28,2025-02-20 17:20:43,0,0,0,0,1
1298,346,2025-02-20 17:20:43,2025-02-20 17:21:23,1,0,1,1,1
1299,355,2025-02-20 17:21:09,2025-02-20 17:21:18,4,1,13,4,1
1300,355,2025-02-20 17:21:18,2025-02-20 17:21:48,1,0,14,5,1
1301,346,2025-02-20 17:21:23,2025-02-20 17:22:19,2,0,2,1,1
1302,355,2025-02-20 17:21:48,2025-02-20 17:23:09,1,0,15,5,1
1303,346,2025-02-20 17:22:19,2025-02-20 17:22:33,2,0,3,1,1
1304,346,2025-02-20 17:22:33,2025-02-20 17:23:16,2,0,4,1,1
1305,355,2025-02-20 17:23:09,2025-02-20 17:23:26,6,0,16,5,1
1306,346,2025-02-20 17:23:16,2025-02-20 17:24:13,2,0,5,1,1
1307,355,2025-02-20 17:23:26,2025-02-20 17:23:43,6,0,16,5,1
1308,355,2025-02-20 17:23:43,2025-02-20 17:24:08,7,1,17,6,1
1309,355,2025-02-20 17:24:08,2025-02-20 17:24:42,8,1,18,6,1
1310,346,2025-02-20 17:24:13,2025-02-20 17:24:51,2,0,6,1,1
1311,355,2025-02-20 17:24:42,2025-02-20 17:25:44,3,1,19,6,1
1312,346,2025-02-20 17:24:51,2025-02-20 17:24:53,3,1,7,2,1
1313,346,2025-02-20 17:24:53,2025-02-20 17:25:25,1,0,8,3,1
1314,346,2025-02-20 17:25:25,2025-02-20 17:26:26,3,0,9,3,1
1315,355,2025-02-20 17:25:44,2025-02-20 17:25:49,4,1,20,6,1
1316,355,2025-02-20 17:25:49,2025-02-20 17:25:57,-1,-1,21,7,1
1317,341,2025-02-20 17:25:57,2025-02-20 17:26:12,0,0,0,0,1
1318,341,2025-02-20 17:26:12,2025-02-20 17:26:52,1,0,1,1,1
1319,346,2025-02-20 17:26:26,2025-02-20 17:26:46,4,0,10,3,1
1320,346,2025-02-20 17:26:46,2025-02-20 17:27:29,5,0,11,3,1
1321,341,2025-02-20 17:26:52,2025-02-20 17:27:32,1,0,1,1,1
1322,346,2025-02-20 17:27:29,2025-02-20 17:28:14,3,1,12,4,1
1323,341,2025-02-20 17:27:32,2025-02-20 17:27:51,0,0,23,0,1
1324,341,2025-02-20 17:27:51,2025-02-20 17:28:47,2,0,2,1,1
1325,346,2025-02-20 17:28:14,2025-02-20 17:28:23,4,1,13,4,1
1326,346,2025-02-20 17:28:23,2025-02-20 17:28:53,1,0,14,5,1
1327,341,2025-02-20 17:28:47,2025-02-20 17:29:01,2,0,3,1,1
1328,346,2025-02-20 17:28:53,2025-02-20 17:30:14,1,0,15,5,1
1329,341,2025-02-20 17:29:01,2025-02-20 17:29:44,2,0,4,1,1
1330,341,2025-02-20 17:29:44,2025-02-20 17:30:41,2,0,5,1,1
1331,346,2025-02-20 17:30:14,2025-02-20 17:30:31,6,0,16,5,1
1332,346,2025-02-20 17:30:31,2025-02-20 17:30:56,7,1,17,6,1
1333,341,2025-02-20 17:30:41,2025-02-20 17:31:19,2,0,6,1,1
1334,346,2025-02-20 17:30:56,2025-02-20 17:31:30,8,1,18,6,1
1335,341,2025-02-20 17:31:19,2025-02-20 17:31:57,2,0,6,1,1
1336,346,2025-02-20 17:31:30,2025-02-20 17:32:32,3,1,19,6,1
1337,341,2025-02-20 17:31:57,2025-02-20 17:31:59,3,1,7,2,1
1338,341,2025-02-20 17:31:59,2025-02-20 17:32:31,1,0,8,3,1
1339,341,2025-02-20 17:32:31,2025-02-20 17:33:03,1,0,8,3,1
1340,346,2025-02-20 17:32:32,2025-02-20 17:32:37,4,1,20,6,1
1341,346,2025-02-20 17:32:37,2025-02-20 17:32:45,-1,-1,21,7,1
1342,346,2025-02-20 17:32:45,2025-02-20 17:32:55,-1,2,22,8,1
1343,346,2025-02-20 17:32:55,2025-02-20 17:33:14,0,0,23,0,1
1344,341,2025-02-20 17:33:03,2025-02-20 17:34:04,3,0,9,3,1
1345,348,2025-02-20 17:33:14,2025-02-20 17:33:29,0,0,0,0,1
1346,348,2025-02-20 17:33:29,2025-02-20 17:34:09,1,0,1,1,1
1347,341,2025-02-20 17:34:04,2025-02-20 17:34:24,4,0,10,3,1
1348,348,2025-02-20 17:34:09,2025-02-20 17:35:05,2,0,2,1,1
1349,341,2025-02-20 17:34:24,2025-02-20 17:35:07,5,0,11,3,1
1350,348,2025-02-20 17:35:05,2025-02-20 17:35:19,2,0,3,1,1
1351,341,2025-02-20 17:35:07,2025-02-20 17:35:50,5,0,11,3,1
1352,348,2025-02-20 17:35:19,2025-02-20 17:36:02,2,0,4,1,1
1353,341,2025-02-20 17:35:50,2025-02-20 17:36:35,3,1,12,4,1
1354,348,2025-02-20 17:36:02,2025-02-20 17:36:59,2,0,5,1,1
1355,341,2025-02-20 17:36:35,2025-02-20 17:36:44,4,1,13,4,1
1356,341,2025-02-20 17:36:44,2025-02-20 17:37:14,1,0,14,5,1
1357,348,2025-02-20 17:36:59,2025-02-20 17:37:37,2,0,6,1,1
1358,341,2025-02-20 17:37:14,2025-02-20 17:38:35,1,0,15,5,1
1359,348,2025-02-20 17:37:37,2025-02-20 17:37:39,3,1,7,2,1
1360,348,2025-02-20 17:37:39,2025-02-20 17:38:11,1,0,8,3,1
1361,348,2025-02-20 17:38:11,2025-02-20 17:39:12,3,0,9,3,1
1362,341,2025-02-20 17:38:35,2025-02-20 17:38:52,6,0,16,5,1
1363,341,2025-02-20 17:38:52,2025-02-20 17:39:09,6,0,16,5,1
1364,341,2025-02-20 17:39:09,2025-02-20 17:39:34,7,1,17,6,1
1365,348,2025-02-20 17:39:12,2025-02-20 17:39:32,4,0,10,3,1
1366,348,2025-02-20 17:39:32,2025-02-20 17:40:15,5,0,11,3,1
1367,341,2025-02-20 17:39:34,2025-02-20 17:40:08,8,1,18,6,1
1368,341,2025-02-20 17:40:08,2025-02-20 17:41:10,3,1,19,6,1
1369,348,2025-02-20 17:40:15,2025-02-20 17:41:00,3,1,12,4,1
1370,348,2025-02-20 17:41:00,2025-02-20 17:41:09,4,1,13,4,1
1371,348,2025-02-20 17:41:09,2025-02-20 17:41:39,1,0,14,5,1
1372,341,2025-02-20 17:41:10,2025-02-20 17:41:15,4,1,20,6,1
1373,341,2025-02-20 17:41:15,2025-02-20 17:41:23,-1,-1,21,7,1
1374,344,2025-02-20 17:41:23,2025-02-20 17:41:38,0,0,0,0,1
1375,344,2025-02-20 17:41:38,2025-02-20 17:42:18,1,0,1,1,1
1376,348,2025-02-20 17:41:39,2025-02-20 17:43:00,1,0,15,5,1
1377,344,2025-02-20 17:42:18,2025-02-20 17:42:37,0,0,23,0,1
1378,344,2025-02-20 17:42:37,2025-02-20 17:43:17,1,0,1,1,1
1379,348,2025-02-20 17:43:00,2025-02-20 17:43:17,6,0,16,5,1
1380,344,2025-02-20 17:43:17,2025-02-20 17:44:13,2,0,2,1,1
1381,348,2025-02-20 17:43:17,2025-02-20 17:43:42,7,1,17,6,1
1382,348,2025-02-20 17:43:42,2025-02-20 17:44:16,8,1,18,6,1
1383,344,2025-02-20 17:44:13,2025-02-20 17:44:27,2,0,3,1,1
1384,348,2025-02-20 17:44:16,2025-02-20 17:45:18,3,1,19,6,1
1385,344,2025-02-20 17:44:27,2025-02-20 17:45:10,2,0,4,1,1
1386,344,2025-02-20 17:45:10,2025-02-20 17:46:07,2,0,5,1,1
1387,348,2025-02-20 17:45:18,2025-02-20 17:45:23,4,1,20,6,1
1388,348,2025-02-20 17:45:23,2025-02-20 17:45:31,-1,-1,21,7,1
1389,348,2025-02-20 17:45:31,2025-02-20 17:45:41,-1,2,22,8,1
1390,348,2025-02-20 17:45:41,2025-02-20 17:46:00,0,0,23,0,1
1391,350,2025-02-20 17:46:00,2025-02-20 17:46:15,0,0,0,0,1
1392,344,2025-02-20 17:46:07,2025-02-20 17:46:45,2,0,6,1,1
1393,344,2025-02-20 17:46:45,2025-02-20 17:47:23,2,0,6,1,1
1394,344,2025-02-20 17:47:23,2025-02-20 17:47:25,3,1,7,2,1
1395,350,2025-02-20 17:47:23,2025-02-20 17:48:03,1,0,1,1,1
1396,344,2025-02-20 17:47:25,2025-02-20 17:47:57,1,0,8,3,1
1397,344,2025-02-20 17:47:57,2025-02-20 17:48:29,1,0,8,3,1
1398,350,2025-02-20 17:48:03,2025-02-20 17:48:59,2,0,2,1,1
1399,344,2025-02-20 17:48:29,2025-02-20 17:49:30,3,0,9,3,1
1400,350,2025-02-20 17:48:59,2025-02-20 17:49:13,2,0,3,1,1
1401,350,2025-02-20 17:49:13,2025-02-20 17:49:56,2,0,4,1,1
1402,344,2025-02-20 17:49:30,2025-02-20 17:49:50,4,0,10,3,1
1403,344,2025-02-20 17:49:50,2025-02-20 17:50:33,5,0,11,3,1
1404,350,2025-02-20 17:49:56,2025-02-20 17:50:53,2,0,5,1,1
1405,344,2025-02-20 17:50:33,2025-02-20 17:51:16,5,0,11,3,1
1406,350,2025-02-20 17:50:53,2025-02-20 17:51:31,2,0,6,1,1
1407,344,2025-02-20 17:51:16,2025-02-20 17:52:01,3,1,12,4,1
1408,350,2025-02-20 17:51:31,2025-02-20 17:51:33,3,1,7,2,1
1409,350,2025-02-20 17:51:33,2025-02-20 17:52:05,1,0,8,3,1
1410,344,2025-02-20 17:52:01,2025-02-20 17:52:10,4,1,13,4,1
1411,350,2025-02-20 17:52:05,2025-02-20 17:53:06,3,0,9,3,1
1412,344,2025-02-20 17:52:10,2025-02-20 17:52:40,1,0,14,5,1
1413,344,2025-02-20 17:52:40,2025-02-20 17:54:01,1,0,15,5,1
1414,350,2025-02-20 17:53:06,2025-02-20 17:53:26,4,0,10,3,1
1415,350,2025-02-20 17:53:26,2025-02-20 17:54:09,5,0,11,3,1
1416,344,2025-02-20 17:54:01,2025-02-20 17:54:18,6,0,16,5,1
1417,350,2025-02-20 17:54:09,2025-02-20 17:54:54,3,1,12,4,1
1418,344,2025-02-20 17:54:18,2025-02-20 17:54:35,6,0,16,5,1
1419,344,2025-02-20 17:54:35,2025-02-20 17:55:00,7,1,17,6,1
1420,350,2025-02-20 17:54:54,2025-02-20 17:55:03,4,1,13,4,1
1421,344,2025-02-20 17:55:00,2025-02-20 17:55:34,8,1,18,6,1
1422,350,2025-02-20 17:55:03,2025-02-20 17:55:33,1,0,14,5,1
1423,350,2025-02-20 17:55:33,2025-02-20 17:56:54,1,0,15,5,1
1424,344,2025-02-20 17:55:34,2025-02-20 17:56:36,3,1,19,6,1
1425,344,2025-02-20 17:56:36,2025-02-20 17:56:41,4,1,20,6,1
1426,344,2025-02-20 17:56:41,2025-02-20 17:56:49,-1,-1,21,7,1
1427,356,2025-02-20 17:56:49,2025-02-20 17:57:04,0,0,0,0,1
1428,350,2025-02-20 17:56:54,2025-02-20 17:57:11,6,0,16,5,1
1429,356,2025-02-20 17:57:04,2025-02-20 17:57:44,1,0,1,1,1
1430,350,2025-02-20 17:57:11,2025-02-20 17:57:36,7,1,17,6,1
1431,350,2025-02-20 17:57:36,2025-02-20 17:58:10,8,1,18,6,1
1432,356,2025-02-20 17:57:44,2025-02-20 17:58:40,2,0,2,1,1
1433,350,2025-02-20 17:58:10,2025-02-20 17:59:12,3,1,19,6,1
1434,356,2025-02-20 17:58:40,2025-02-20 17:58:54,2,0,3,1,1
1435,356,2025-02-20 17:58:54,2025-02-20 17:59:37,2,0,4,1,1
1436,350,2025-02-20 17:59:12,2025-02-20 17:59:17,4,1,20,6,1
1437,350,2025-02-20 17:59:17,2025-02-20 17:59:25,-1,-1,21,7,1
1438,350,2025-02-20 17:59:25,2025-02-20 17:59:35,-1,2,22,8,1
1439,350,2025-02-20 17:59:35,2025-02-20 17:59:54,0,0,23,0,1
1440,356,2025-02-20 17:59:37,2025-02-20 18:00:34,2,0,5,1,1
1441,357,2025-02-20 17:59:54,2025-02-20 18:00:09,0,0,0,0,1
1442,356,2025-02-20 18:00:34,2025-02-20 18:01:12,2,0,6,1,1
1443,356,2025-02-20 18:01:12,2025-02-20 18:01:14,3,1,7,2,1
1444,357,2025-02-20 18:01:12,2025-02-20 18:01:52,1,0,1,1,1
1445,356,2025-02-20 18:01:14,2025-02-20 18:01:46,1,0,8,3,1
1446,356,2025-02-20 18:01:46,2025-02-20 18:02:47,3,0,9,3,1
1447,357,2025-02-20 18:01:52,2025-02-20 18:02:48,2,0,2,1,1
1448,356,2025-02-20 18:02:47,2025-02-20 18:03:07,4,0,10,3,1
1449,357,2025-02-20 18:02:48,2025-02-20 18:03:02,2,0,3,1,1
1450,357,2025-02-20 18:03:02,2025-02-20 18:03:45,2,0,4,1,1
1451,356,2025-02-20 18:03:07,2025-02-20 18:03:50,5,0,11,3,1
1452,357,2025-02-20 18:03:45,2025-02-20 18:04:42,2,0,5,1,1
1453,356,2025-02-20 18:03:50,2025-02-20 18:04:35,3,1,12,4,1
1454,356,2025-02-20 18:04:35,2025-02-20 18:04:44,4,1,13,4,1
1455,357,2025-02-20 18:04:42,2025-02-20 18:05:20,2,0,6,1,1
1456,356,2025-02-20 18:04:44,2025-02-20 18:05:14,1,0,14,5,1
1457,356,2025-02-20 18:05:14,2025-02-20 18:06:35,1,0,15,5,1
1458,357,2025-02-20 18:05:20,2025-02-20 18:05:22,3,1,7,2,1
1459,357,2025-02-20 18:05:22,2025-02-20 18:05:54,1,0,8,3,1
1460,357,2025-02-20 18:05:54,2025-02-20 18:06:55,3,0,9,3,1
1461,356,2025-02-20 18:06:35,2025-02-20 18:06:52,6,0,16,5,1
1462,356,2025-02-20 18:06:52,2025-02-20 18:07:17,7,1,17,6,1
1463,357,2025-02-20 18:06:55,2025-02-20 18:07:15,4,0,10,3,1
1464,357,2025-02-20 18:07:15,2025-02-20 18:07:58,5,0,11,3,1
1465,356,2025-02-20 18:07:17,2025-02-20 18:07:51,8,1,18,6,1
1466,356,2025-02-20 18:07:51,2025-02-20 18:08:53,3,1,19,6,1
1467,357,2025-02-20 18:07:58,2025-02-20 18:08:43,3,1,12,4,1
1468,357,2025-02-20 18:08:43,2025-02-20 18:08:52,4,1,13,4,1
1469,357,2025-02-20 18:08:52,2025-02-20 18:09:22,1,0,14,5,1
1470,356,2025-02-20 18:08:53,2025-02-20 18:08:58,4,1,20,6,1
1471,356,2025-02-20 18:08:58,2025-02-20 18:09:06,-1,-1,21,7,1
1472,356,2025-02-20 18:09:06,2025-02-20 18:09:16,-1,2,22,8,1
1473,356,2025-02-20 18:09:16,2025-02-20 18:09:35,0,0,23,0,1
1474,357,2025-02-20 18:09:22,2025-02-20 18:10:43,1,0,15,5,1
1475,358,2025-02-20 18:09:35,2025-02-20 18:09:50,0,0,0,0,1
1476,358,2025-02-20 18:09:50,2025-02-20 18:10:30,1,0,1,1,1
1477,358,2025-02-20 18:10:30,2025-02-20 18:11:26,2,0,2,1,1
1478,357,2025-02-20 18:10:43,2025-02-20 18:11:00,6,0,16,5,1
1479,357,2025-02-20 18:11:00,2025-02-20 18:11:25,7,1,17,6,1
1480,357,2025-02-20 18:11:25,2025-02-20 18:11:59,8,1,18,6,1
1481,358,2025-02-20 18:11:26,2025-02-20 18:11:40,2,0,3,1,1
1482,358,2025-02-20 18:11:40,2025-02-20 18:12:23,2,0,4,1,1
1483,357,2025-02-20 18:11:59,2025-02-20 18:13:01,3,1,19,6,1
1484,358,2025-02-20 18:12:23,2025-02-20 18:13:20,2,0,5,1,1
1485,357,2025-02-20 18:13:01,2025-02-20 18:13:06,4,1,20,6,1
1486,357,2025-02-20 18:13:06,2025-02-20 18:13:14,-1,-1,21,7,1
1487,357,2025-02-20 18:13:14,2025-02-20 18:13:24,-1,2,22,8,1
1488,358,2025-02-20 18:13:20,2025-02-20 18:13:58,2,0,6,1,1
1489,357,2025-02-20 18:13:24,2025-02-20 18:13:43,0,0,23,0,1
1490,358,2025-02-20 18:13:58,2025-02-20 18:14:00,3,1,7,2,1
1491,358,2025-02-20 18:14:00,2025-02-20 18:14:32,1,0,8,3,1
1492,358,2025-02-20 18:14:32,2025-02-20 18:15:33,3,0,9,3,1
1493,358,2025-02-20 18:15:33,2025-02-20 18:15:53,4,0,10,3,1
1494,358,2025-02-20 18:15:53,2025-02-20 18:16:36,5,0,11,3,1
1495,358,2025-02-20 18:16:36,2025-02-20 18:17:21,3,1,12,4,1
1496,358,2025-02-20 18:17:21,2025-02-20 18:17:30,4,1,13,4,1
1497,358,2025-02-20 18:17:30,2025-02-20 18:18:00,1,0,14,5,1
1498,358,2025-02-20 18:18:00,2025-02-20 18:19:21,1,0,15,5,1
1499,358,2025-02-20 18:19:21,2025-02-20 18:19:38,6,0,16,5,1
1500,358,2025-02-20 18:19:38,2025-02-20 18:20:03,7,1,17,6,1
1501,358,2025-02-20 18:20:03,2025-02-20 18:20:37,8,1,18,6,1
1502,358,2025-02-20 18:20:37,2025-02-20 18:21:39,3,1,19,6,1
1503,358,2025-02-20 18:21:39,2025-02-20 18:21:44,4,1,20,6,1
1504,358,2025-02-20 18:21:44,2025-02-20 18:21:52,-1,-1,21,7,1
1505,358,2025-02-20 18:21:52,2025-02-20 18:22:02,-1,2,22,8,1
1506,358,2025-02-20 18:22:02,2025-02-20 18:22:21,0,0,23,0,1
